Time,Station_ID,Water_Level,Latitude,Longitude,Block_ID,Net_Availability,Official_Category,Depth_Decline_Proxy,Estimated_SoE_Proxy_Pct,Estimated_Category,Confidence,Drift_Flag,Alert_Active
2023-01-01,ST-01-1,33.05706896551724,30.63442,75.60037,BLK-01,4.2,Over-Exploited,,,,HIGH,False,False
2023-02-01,ST-01-1,34.344579439252335,30.63442,75.60037,BLK-01,4.2,Over-Exploited,,,,HIGH,False,False
2023-03-01,ST-01-1,35.125750000000004,30.63442,75.60037,BLK-01,4.2,Over-Exploited,,,,HIGH,False,False
2023-04-01,ST-01-1,35.27008620689655,30.63442,75.60037,BLK-01,4.2,Over-Exploited,,,,HIGH,False,False
2023-05-01,ST-01-1,34.90792792792793,30.63442,75.60037,BLK-01,4.2,Over-Exploited,,,,HIGH,False,False
2023-06-01,ST-01-1,34.17230769230769,30.63442,75.60037,BLK-01,4.2,Over-Exploited,,,,HIGH,False,False
2023-07-01,ST-01-1,33.39423728813559,30.63442,75.60037,BLK-01,4.2,Over-Exploited,,,,HIGH,False,False
2023-08-01,ST-01-1,33.00057851239669,30.63442,75.60037,BLK-01,4.2,Over-Exploited,,,,HIGH,False,False
2023-09-01,ST-01-1,33.18610619469027,30.63442,75.60037,BLK-01,4.2,Over-Exploited,,,,HIGH,False,False
2023-10-01,ST-01-1,33.90710743801653,30.63442,75.60037,BLK-01,4.2,Over-Exploited,,,,HIGH,False,False
2023-11-01,ST-01-1,35.27178571428571,30.63442,75.60037,BLK-01,4.2,Over-Exploited,,,,HIGH,False,False
2023-12-01,ST-01-1,36.958571428571425,30.63442,75.60037,BLK-01,4.2,Over-Exploited,,,,HIGH,False,False
2024-01-01,ST-01-1,38.661743119266056,30.63442,75.60037,BLK-01,4.2,Over-Exploited,5.605,133.44,Over-Exploited,HIGH,False,True
2024-02-01,ST-01-1,39.913603603603605,30.63442,75.60037,BLK-01,4.2,Over-Exploited,5.569,132.6,Over-Exploited,HIGH,False,True
2024-03-01,ST-01-1,40.734957264957266,30.63442,75.60037,BLK-01,4.2,Over-Exploited,5.609,133.55,Over-Exploited,HIGH,False,True
2024-04-01,ST-01-1,40.95508620689655,30.63442,75.60037,BLK-01,4.2,Over-Exploited,5.685,135.36,Over-Exploited,HIGH,False,True
2024-05-01,ST-01-1,40.48945454545455,30.63442,75.60037,BLK-01,4.2,Over-Exploited,5.582,132.89,Over-Exploited,HIGH,False,True
2024-06-01,ST-01-1,39.76529411764706,30.63442,75.60037,BLK-01,4.2,Over-Exploited,5.593,133.17,Over-Exploited,HIGH,False,True
2024-07-01,ST-01-1,39.00833333333333,30.63442,75.60037,BLK-01,4.2,Over-Exploited,5.614,133.67,Over-Exploited,HIGH,False,True
2024-08-01,ST-01-1,38.62891666666667,30.63442,75.60037,BLK-01,4.2,Over-Exploited,5.628,134.01,Over-Exploited,HIGH,False,True
2024-09-01,ST-01-1,38.780701754385966,30.63442,75.60037,BLK-01,4.2,Over-Exploited,5.595,133.2,Over-Exploited,HIGH,False,True
2024-10-01,ST-01-1,39.59073770491803,30.63442,75.60037,BLK-01,4.2,Over-Exploited,5.684,135.32,Over-Exploited,HIGH,False,True
2024-11-01,ST-01-1,40.9609009009009,30.63442,75.60037,BLK-01,4.2,Over-Exploited,5.689,135.46,Over-Exploited,HIGH,False,True
2024-12-01,ST-01-1,42.56203389830508,30.63442,75.60037,BLK-01,4.2,Over-Exploited,5.603,133.42,Over-Exploited,HIGH,False,True
2025-01-01,ST-01-1,44.24777777777778,30.63442,75.60037,BLK-01,4.2,Over-Exploited,5.586,133.0,Over-Exploited,HIGH,False,True
2025-02-01,ST-01-1,45.62711538461539,30.63442,75.60037,BLK-01,4.2,Over-Exploited,5.714,136.04,Over-Exploited,HIGH,False,True
2025-03-01,ST-01-1,46.38415254237288,30.63442,75.60037,BLK-01,4.2,Over-Exploited,5.649,134.5,Over-Exploited,HIGH,False,True
2025-04-01,ST-01-1,46.50777777777778,30.63442,75.60037,BLK-01,4.2,Over-Exploited,5.553,132.21,Over-Exploited,HIGH,False,True
2025-05-01,ST-01-1,46.076475409836064,30.63442,75.60037,BLK-01,4.2,Over-Exploited,5.587,133.02,Over-Exploited,HIGH,False,True
2025-06-01,ST-01-1,45.43771929824561,30.63442,75.60037,BLK-01,4.2,Over-Exploited,5.672,135.06,Over-Exploited,HIGH,False,True
2025-07-01,ST-01-1,44.70822033898305,30.63442,75.60037,BLK-01,4.2,Over-Exploited,5.7,135.71,Over-Exploited,HIGH,False,True
2025-08-01,ST-01-1,44.249173553719004,30.63442,75.60037,BLK-01,4.2,Over-Exploited,5.62,133.82,Over-Exploited,HIGH,False,True
2025-09-01,ST-01-1,44.43000000000001,30.63442,75.60037,BLK-01,4.2,Over-Exploited,5.649,134.51,Over-Exploited,HIGH,False,True
2025-10-01,ST-01-1,45.19686440677966,30.63442,75.60037,BLK-01,4.2,Over-Exploited,5.606,133.48,Over-Exploited,HIGH,False,True
2025-11-01,ST-01-1,46.58688073394496,30.63442,75.60037,BLK-01,4.2,Over-Exploited,5.626,133.95,Over-Exploited,HIGH,False,True
2025-12-01,ST-01-1,48.21516666666666,30.63442,75.60037,BLK-01,4.2,Over-Exploited,5.653,134.6,Over-Exploited,HIGH,False,True
2026-01-01,ST-01-1,49.906666666666666,30.63442,75.60037,BLK-01,4.2,Over-Exploited,5.659,134.74,Over-Exploited,HIGH,False,True
2026-02-01,ST-01-1,51.1949,30.63442,75.60037,BLK-01,4.2,Over-Exploited,5.568,132.57,Over-Exploited,HIGH,False,True
2026-03-01,ST-01-1,51.96145299145299,30.63442,75.60037,BLK-01,4.2,Over-Exploited,5.577,132.79,Over-Exploited,HIGH,False,True
2026-04-01,ST-01-1,52.1504347826087,30.63442,75.60037,BLK-01,4.2,Over-Exploited,5.643,134.35,Over-Exploited,HIGH,False,True
2026-05-01,ST-01-1,51.72669565217391,30.63442,75.60037,BLK-01,4.2,Over-Exploited,5.65,134.53,Over-Exploited,HIGH,False,True
2026-06-01,ST-01-1,51.03017857142857,30.63442,75.60037,BLK-01,4.2,Over-Exploited,5.592,133.15,Over-Exploited,HIGH,False,True
2023-01-01,ST-01-2,36.00905172413793,30.89585,75.43385,BLK-01,4.2,Over-Exploited,,,,HIGH,False,False
2023-02-01,ST-01-2,37.97207547169811,30.89585,75.43385,BLK-01,4.2,Over-Exploited,,,,HIGH,False,False
2023-03-01,ST-01-2,39.04621848739496,30.89585,75.43385,BLK-01,4.2,Over-Exploited,,,,HIGH,False,False
2023-04-01,ST-01-2,39.06220338983051,30.89585,75.43385,BLK-01,4.2,Over-Exploited,,,,HIGH,False,False
2023-05-01,ST-01-2,38.190666666666665,30.89585,75.43385,BLK-01,4.2,Over-Exploited,,,,HIGH,False,False
2023-06-01,ST-01-2,36.97754545454546,30.89585,75.43385,BLK-01,4.2,Over-Exploited,,,,HIGH,False,False
2023-07-01,ST-01-2,35.55783333333333,30.89585,75.43385,BLK-01,4.2,Over-Exploited,,,,HIGH,False,False
2023-08-01,ST-01-2,34.75824561403509,30.89585,75.43385,BLK-01,4.2,Over-Exploited,,,,HIGH,False,False
2023-09-01,ST-01-2,34.81256637168142,30.89585,75.43385,BLK-01,4.2,Over-Exploited,,,,HIGH,False,False
2023-10-01,ST-01-2,35.880625,30.89585,75.43385,BLK-01,4.2,Over-Exploited,,,,HIGH,False,False
2023-11-01,ST-01-2,37.85333333333333,30.89585,75.43385,BLK-01,4.2,Over-Exploited,,,,HIGH,False,False
2023-12-01,ST-01-2,40.35293577981652,30.89585,75.43385,BLK-01,4.2,Over-Exploited,,,,HIGH,False,False
2024-01-01,ST-01-2,42.814655172413794,30.89585,75.43385,BLK-01,4.2,Over-Exploited,6.806,162.04,Over-Exploited,HIGH,False,True
2024-02-01,ST-01-2,44.68432432432432,30.89585,75.43385,BLK-01,4.2,Over-Exploited,6.712,159.82,Over-Exploited,HIGH,False,True
2024-03-01,ST-01-2,45.76139130434783,30.89585,75.43385,BLK-01,4.2,Over-Exploited,6.715,159.89,Over-Exploited,HIGH,False,True
2024-04-01,ST-01-2,45.88405172413793,30.89585,75.43385,BLK-01,4.2,Over-Exploited,6.822,162.42,Over-Exploited,HIGH,False,True
2024-05-01,ST-01-2,45.00352941176471,30.89585,75.43385,BLK-01,4.2,Over-Exploited,6.813,162.21,Over-Exploited,HIGH,False,True
2024-06-01,ST-01-2,43.69538461538461,30.89585,75.43385,BLK-01,4.2,Over-Exploited,6.718,159.95,Over-Exploited,HIGH,False,True
2024-07-01,ST-01-2,42.38955357142857,30.89585,75.43385,BLK-01,4.2,Over-Exploited,6.832,162.66,Over-Exploited,HIGH,False,True
2024-08-01,ST-01-2,41.59710526315789,30.89585,75.43385,BLK-01,4.2,Over-Exploited,6.839,162.83,Over-Exploited,HIGH,False,True
2024-09-01,ST-01-2,41.58684210526315,30.89585,75.43385,BLK-01,4.2,Over-Exploited,6.774,161.29,Over-Exploited,HIGH,False,True
2024-10-01,ST-01-2,42.65,30.89585,75.43385,BLK-01,4.2,Over-Exploited,6.769,161.18,Over-Exploited,HIGH,False,True
2024-11-01,ST-01-2,44.67182692307692,30.89585,75.43385,BLK-01,4.2,Over-Exploited,6.818,162.35,Over-Exploited,HIGH,False,True
2024-12-01,ST-01-2,47.10614678899082,30.89585,75.43385,BLK-01,4.2,Over-Exploited,6.753,160.79,Over-Exploited,HIGH,False,True
2025-01-01,ST-01-2,49.588691588785046,30.89585,75.43385,BLK-01,4.2,Over-Exploited,6.774,161.29,Over-Exploited,HIGH,False,True
2025-02-01,ST-01-2,51.53038834951457,30.89585,75.43385,BLK-01,4.2,Over-Exploited,6.846,163.0,Over-Exploited,HIGH,False,True
2025-03-01,ST-01-2,52.55675213675214,30.89585,75.43385,BLK-01,4.2,Over-Exploited,6.795,161.79,Over-Exploited,HIGH,False,True
2025-04-01,ST-01-2,52.58106194690265,30.89585,75.43385,BLK-01,4.2,Over-Exploited,6.697,159.45,Over-Exploited,HIGH,False,True
2025-05-01,ST-01-2,51.82141592920354,30.89585,75.43385,BLK-01,4.2,Over-Exploited,6.818,162.33,Over-Exploited,HIGH,False,True
2025-06-01,ST-01-2,50.47654867256637,30.89585,75.43385,BLK-01,4.2,Over-Exploited,6.781,161.46,Over-Exploited,HIGH,False,True
2025-07-01,ST-01-2,49.122260869565224,30.89585,75.43385,BLK-01,4.2,Over-Exploited,6.733,160.3,Over-Exploited,HIGH,False,True
2025-08-01,ST-01-2,48.32631578947368,30.89585,75.43385,BLK-01,4.2,Over-Exploited,6.729,160.22,Over-Exploited,HIGH,False,True
2025-09-01,ST-01-2,48.36491379310345,30.89585,75.43385,BLK-01,4.2,Over-Exploited,6.778,161.38,Over-Exploited,HIGH,False,True
2025-10-01,ST-01-2,49.44093220338983,30.89585,75.43385,BLK-01,4.2,Over-Exploited,6.791,161.69,Over-Exploited,HIGH,False,True
2025-11-01,ST-01-2,51.41106796116505,30.89585,75.43385,BLK-01,4.2,Over-Exploited,6.739,160.46,Over-Exploited,HIGH,False,True
2025-12-01,ST-01-2,53.86,30.89585,75.43385,BLK-01,4.2,Over-Exploited,6.754,160.81,Over-Exploited,HIGH,False,True
2026-01-01,ST-01-2,56.34009345794393,30.89585,75.43385,BLK-01,4.2,Over-Exploited,6.751,160.75,Over-Exploited,HIGH,False,True
2026-02-01,ST-01-2,58.285,30.89585,75.43385,BLK-01,4.2,Over-Exploited,6.755,160.82,Over-Exploited,HIGH,False,True
2026-03-01,ST-01-2,59.32958677685951,30.89585,75.43385,BLK-01,4.2,Over-Exploited,6.773,161.26,Over-Exploited,HIGH,False,True
2026-04-01,ST-01-2,59.36382608695652,30.89585,75.43385,BLK-01,4.2,Over-Exploited,6.783,161.49,Over-Exploited,HIGH,False,True
2026-05-01,ST-01-2,58.543303571428574,30.89585,75.43385,BLK-01,4.2,Over-Exploited,6.722,160.04,Over-Exploited,HIGH,False,True
2026-06-01,ST-01-2,57.204601769911505,30.89585,75.43385,BLK-01,4.2,Over-Exploited,6.728,160.19,Over-Exploited,HIGH,False,True
2023-01-01,ST-01-3,37.94737817906869,30.84098,75.55546,BLK-01,4.2,Over-Exploited,,,,HIGH,False,False
2023-02-01,ST-01-3,38.70906542056075,30.84098,75.55546,BLK-01,4.2,Over-Exploited,,,,HIGH,False,False
2023-03-01,ST-01-3,39.462758620689655,30.84098,75.55546,BLK-01,4.2,Over-Exploited,,,,HIGH,False,False
2023-04-01,ST-01-3,39.64469026548673,30.84098,75.55546,BLK-01,4.2,Over-Exploited,,,,HIGH,False,False
2023-05-01,ST-01-3,39.26033898305085,30.84098,75.55546,BLK-01,4.2,Over-Exploited,,,,HIGH,False,False
2023-06-01,ST-01-3,38.56849056603774,30.84098,75.55546,BLK-01,4.2,Over-Exploited,,,,HIGH,False,False
2023-07-01,ST-01-3,37.873275862068965,30.84098,75.55546,BLK-01,4.2,Over-Exploited,,,,HIGH,False,False
2023-08-01,ST-01-3,37.46380530973451,30.84098,75.55546,BLK-01,4.2,Over-Exploited,,,,HIGH,False,False
2023-09-01,ST-01-3,37.71964285714286,30.84098,75.55546,BLK-01,4.2,Over-Exploited,,,,HIGH,False,False
2023-10-01,ST-01-3,38.451206896551724,30.84098,75.55546,BLK-01,4.2,Over-Exploited,,,,HIGH,False,False
2023-11-01,ST-01-3,39.84669642857143,30.84098,75.55546,BLK-01,4.2,Over-Exploited,,,,HIGH,False,False
2023-12-01,ST-01-3,41.50883928571428,30.84098,75.55546,BLK-01,4.2,Over-Exploited,,,,HIGH,False,False
2024-01-01,ST-01-3,43.19017699115044,30.84098,75.55546,BLK-01,4.2,Over-Exploited,5.243,124.83,Over-Exploited,HIGH,False,True
2024-02-01,ST-01-3,44.510280373831776,30.84098,75.55546,BLK-01,4.2,Over-Exploited,5.801,138.12,Over-Exploited,HIGH,False,True
2024-03-01,ST-01-3,45.32471074380165,30.84098,75.55546,BLK-01,4.2,Over-Exploited,5.862,139.57,Over-Exploited,HIGH,False,True
2024-04-01,ST-01-3,45.45495652173913,30.84098,75.55546,BLK-01,4.2,Over-Exploited,5.81,138.34,Over-Exploited,HIGH,False,True
2024-05-01,ST-01-3,45.13491379310344,30.84098,75.55546,BLK-01,4.2,Over-Exploited,5.875,139.87,Over-Exploited,HIGH,False,True
2024-06-01,ST-01-3,44.43047169811321,30.84098,75.55546,BLK-01,4.2,Over-Exploited,5.862,139.57,Over-Exploited,HIGH,False,True
2024-07-01,ST-01-3,43.752786885245904,30.84098,75.55546,BLK-01,4.2,Over-Exploited,5.88,139.99,Over-Exploited,HIGH,False,True
2024-08-01,ST-01-3,43.385897435897434,30.84098,75.55546,BLK-01,4.2,Over-Exploited,5.922,141.0,Over-Exploited,HIGH,False,True
2024-09-01,ST-01-3,43.54853448275862,30.84098,75.55546,BLK-01,4.2,Over-Exploited,5.829,138.78,Over-Exploited,HIGH,False,True
2024-10-01,ST-01-3,44.30291666666667,30.84098,75.55546,BLK-01,4.2,Over-Exploited,5.852,139.33,Over-Exploited,HIGH,False,True
2024-11-01,ST-01-3,45.691923076923075,30.84098,75.55546,BLK-01,4.2,Over-Exploited,5.845,139.17,Over-Exploited,HIGH,False,True
2024-12-01,ST-01-3,47.347142857142856,30.84098,75.55546,BLK-01,4.2,Over-Exploited,5.838,139.01,Over-Exploited,HIGH,False,True
2025-01-01,ST-01-3,49.02983870967742,30.84098,75.55546,BLK-01,4.2,Over-Exploited,5.84,139.04,Over-Exploited,HIGH,False,True
2025-02-01,ST-01-3,50.37980769230769,30.84098,75.55546,BLK-01,4.2,Over-Exploited,5.87,139.75,Over-Exploited,HIGH,False,True
2025-03-01,ST-01-3,51.17449152542373,30.84098,75.55546,BLK-01,4.2,Over-Exploited,5.85,139.28,Over-Exploited,HIGH,False,True
2025-04-01,ST-01-3,51.33060869565218,30.84098,75.55546,BLK-01,4.2,Over-Exploited,5.876,139.9,Over-Exploited,HIGH,False,True
2025-05-01,ST-01-3,50.94950819672131,30.84098,75.55546,BLK-01,4.2,Over-Exploited,5.815,138.44,Over-Exploited,HIGH,False,True
2025-06-01,ST-01-3,50.2943119266055,30.84098,75.55546,BLK-01,4.2,Over-Exploited,5.864,139.62,Over-Exploited,HIGH,False,True
2025-07-01,ST-01-3,49.57254237288136,30.84098,75.55546,BLK-01,4.2,Over-Exploited,5.82,138.57,Over-Exploited,HIGH,False,True
2025-08-01,ST-01-3,49.219747899159664,30.84098,75.55546,BLK-01,4.2,Over-Exploited,5.834,138.9,Over-Exploited,HIGH,False,True
2025-09-01,ST-01-3,49.365398230088495,30.84098,75.55546,BLK-01,4.2,Over-Exploited,5.817,138.5,Over-Exploited,HIGH,False,True
2025-10-01,ST-01-3,50.1723275862069,30.84098,75.55546,BLK-01,4.2,Over-Exploited,5.869,139.75,Over-Exploited,HIGH,False,True
2025-11-01,ST-01-3,51.51127118644068,30.84098,75.55546,BLK-01,4.2,Over-Exploited,5.819,138.56,Over-Exploited,HIGH,False,True
2025-12-01,ST-01-3,53.17666666666667,30.84098,75.55546,BLK-01,4.2,Over-Exploited,5.83,138.8,Over-Exploited,HIGH,False,True
2026-01-01,ST-01-3,54.875371900826444,30.84098,75.55546,BLK-01,4.2,Over-Exploited,5.846,139.18,Over-Exploited,HIGH,False,True
2026-02-01,ST-01-3,56.1922,30.84098,75.55546,BLK-01,4.2,Over-Exploited,5.812,138.39,Over-Exploited,HIGH,False,True
2026-03-01,ST-01-3,56.99,30.84098,75.55546,BLK-01,4.2,Over-Exploited,5.816,138.46,Over-Exploited,HIGH,False,True
2026-04-01,ST-01-3,57.15974789915967,30.84098,75.55546,BLK-01,4.2,Over-Exploited,5.829,138.79,Over-Exploited,HIGH,False,True
2026-05-01,ST-01-3,56.78864406779661,30.84098,75.55546,BLK-01,4.2,Over-Exploited,5.839,139.03,Over-Exploited,HIGH,False,True
2026-06-01,ST-01-3,56.107247706422015,30.84098,75.55546,BLK-01,4.2,Over-Exploited,5.813,138.4,Over-Exploited,HIGH,False,True
2023-01-01,ST-02-1,32.212051282051284,30.95148,75.95929,BLK-02,4.8,Over-Exploited,,,,HIGH,False,False
2023-02-01,ST-02-1,33.318396226415096,30.95148,75.95929,BLK-02,4.8,Over-Exploited,,,,HIGH,False,False
2023-03-01,ST-02-1,34.01940170940171,30.95148,75.95929,BLK-02,4.8,Over-Exploited,,,,HIGH,False,False
2023-04-01,ST-02-1,34.38853448275862,30.95148,75.95929,BLK-02,4.8,Over-Exploited,,,,HIGH,False,False
2023-05-01,ST-02-1,34.32613445378151,30.95148,75.95929,BLK-02,4.8,Over-Exploited,,,,HIGH,False,False
2023-06-01,ST-02-1,34.14423423423423,30.95148,75.95929,BLK-02,4.8,Over-Exploited,,,,HIGH,False,False
2023-07-01,ST-02-1,33.90754098360656,30.95148,75.95929,BLK-02,4.8,Over-Exploited,,,,HIGH,False,False
2023-08-01,ST-02-1,33.88633333333333,30.95148,75.95929,BLK-02,4.8,Over-Exploited,,,,HIGH,False,False
2023-09-01,ST-02-1,34.26051724137931,30.95148,75.95929,BLK-02,4.8,Over-Exploited,,,,HIGH,False,False
2023-10-01,ST-02-1,34.968050847457626,30.95148,75.95929,BLK-02,4.8,Over-Exploited,,,,HIGH,False,False
2023-11-01,ST-02-1,36.07775,30.95148,75.95929,BLK-02,4.8,Over-Exploited,,,,HIGH,False,False
2023-12-01,ST-02-1,37.362792792792796,30.95148,75.95929,BLK-02,4.8,Over-Exploited,,,,HIGH,False,False
2024-01-01,ST-02-1,38.709754098360655,30.95148,75.95929,BLK-02,4.8,Over-Exploited,6.498,135.37,Over-Exploited,HIGH,False,True
2024-02-01,ST-02-1,39.78642857142857,30.95148,75.95929,BLK-02,4.8,Over-Exploited,6.468,134.75,Over-Exploited,HIGH,False,True
2024-03-01,ST-02-1,40.53811965811966,30.95148,75.95929,BLK-02,4.8,Over-Exploited,6.519,135.81,Over-Exploited,HIGH,False,True
2024-04-01,ST-02-1,40.841160714285714,30.95148,75.95929,BLK-02,4.8,Over-Exploited,6.453,134.43,Over-Exploited,HIGH,False,True
2024-05-01,ST-02-1,40.84391666666667,30.95148,75.95929,BLK-02,4.8,Over-Exploited,6.518,135.79,Over-Exploited,HIGH,False,True
2024-06-01,ST-02-1,40.61176470588236,30.95148,75.95929,BLK-02,4.8,Over-Exploited,6.468,134.74,Over-Exploited,HIGH,False,True
2024-07-01,ST-02-1,40.38831932773109,30.95148,75.95929,BLK-02,4.8,Over-Exploited,6.481,135.02,Over-Exploited,HIGH,False,True
2024-08-01,ST-02-1,40.43675213675214,30.95148,75.95929,BLK-02,4.8,Over-Exploited,6.55,136.47,Over-Exploited,HIGH,False,True
2024-09-01,ST-02-1,40.721517857142864,30.95148,75.95929,BLK-02,4.8,Over-Exploited,6.461,134.6,Over-Exploited,HIGH,False,True
2024-10-01,ST-02-1,41.44939130434783,30.95148,75.95929,BLK-02,4.8,Over-Exploited,6.481,135.03,Over-Exploited,HIGH,False,True
2024-11-01,ST-02-1,42.561415929203534,30.95148,75.95929,BLK-02,4.8,Over-Exploited,6.484,135.08,Over-Exploited,HIGH,False,True
2024-12-01,ST-02-1,43.844434782608694,30.95148,75.95929,BLK-02,4.8,Over-Exploited,6.482,135.03,Over-Exploited,HIGH,False,True
2025-01-01,ST-02-1,45.195871559633034,30.95148,75.95929,BLK-02,4.8,Over-Exploited,6.486,135.13,Over-Exploited,HIGH,False,True
2025-02-01,ST-02-1,46.29371428571429,30.95148,75.95929,BLK-02,4.8,Over-Exploited,6.507,135.57,Over-Exploited,HIGH,False,True
2025-03-01,ST-02-1,46.99895652173913,30.95148,75.95929,BLK-02,4.8,Over-Exploited,6.461,134.6,Over-Exploited,HIGH,False,True
2025-04-01,ST-02-1,47.310973451327435,30.95148,75.95929,BLK-02,4.8,Over-Exploited,6.47,134.79,Over-Exploited,HIGH,False,True
2025-05-01,ST-02-1,47.36208333333333,30.95148,75.95929,BLK-02,4.8,Over-Exploited,6.518,135.8,Over-Exploited,HIGH,False,True
2025-06-01,ST-02-1,47.15522522522522,30.95148,75.95929,BLK-02,4.8,Over-Exploited,6.543,136.32,Over-Exploited,HIGH,False,True
2025-07-01,ST-02-1,46.87808333333333,30.95148,75.95929,BLK-02,4.8,Over-Exploited,6.49,135.2,Over-Exploited,HIGH,False,True
2025-08-01,ST-02-1,46.85219298245614,30.95148,75.95929,BLK-02,4.8,Over-Exploited,6.415,133.66,Over-Exploited,HIGH,False,True
2025-09-01,ST-02-1,47.17,30.95148,75.95929,BLK-02,4.8,Over-Exploited,6.448,134.34,Over-Exploited,HIGH,False,True
2025-10-01,ST-02-1,47.96398305084746,30.95148,75.95929,BLK-02,4.8,Over-Exploited,6.515,135.72,Over-Exploited,HIGH,False,True
2025-11-01,ST-02-1,49.093423423423424,30.95148,75.95929,BLK-02,4.8,Over-Exploited,6.532,136.08,Over-Exploited,HIGH,False,True
2025-12-01,ST-02-1,50.354035087719296,30.95148,75.95929,BLK-02,4.8,Over-Exploited,6.51,135.62,Over-Exploited,HIGH,False,True
2026-01-01,ST-02-1,51.707565217391306,30.95148,75.95929,BLK-02,4.8,Over-Exploited,6.512,135.66,Over-Exploited,HIGH,False,True
2026-02-01,ST-02-1,52.778076923076924,30.95148,75.95929,BLK-02,4.8,Over-Exploited,6.484,135.09,Over-Exploited,HIGH,False,True
2026-03-01,ST-02-1,53.49906779661017,30.95148,75.95929,BLK-02,4.8,Over-Exploited,6.5,135.42,Over-Exploited,HIGH,False,True
2026-04-01,ST-02-1,53.8231623931624,30.95148,75.95929,BLK-02,4.8,Over-Exploited,6.512,135.67,Over-Exploited,HIGH,False,True
2026-05-01,ST-02-1,53.8307627118644,30.95148,75.95929,BLK-02,4.8,Over-Exploited,6.469,134.76,Over-Exploited,HIGH,False,True
2026-06-01,ST-02-1,53.591727272727276,30.95148,75.95929,BLK-02,4.8,Over-Exploited,6.437,134.09,Over-Exploited,HIGH,False,True
2023-01-01,ST-02-2,34.436083333333336,31.00147,75.84034,BLK-02,4.8,Over-Exploited,,,,HIGH,False,False
2023-02-01,ST-02-2,35.73384615384616,31.00147,75.84034,BLK-02,4.8,Over-Exploited,,,,HIGH,False,False
2023-03-01,ST-02-2,36.50403361344538,31.00147,75.84034,BLK-02,4.8,Over-Exploited,,,,HIGH,False,False
2023-04-01,ST-02-2,36.758086956521744,31.00147,75.84034,BLK-02,4.8,Over-Exploited,,,,HIGH,False,False
2023-05-01,ST-02-2,36.598333333333336,31.00147,75.84034,BLK-02,4.8,Over-Exploited,,,,HIGH,False,False
2023-06-01,ST-02-2,36.1687610619469,31.00147,75.84034,BLK-02,4.8,Over-Exploited,,,,HIGH,False,False
2023-07-01,ST-02-2,35.728813559322035,31.00147,75.84034,BLK-02,4.8,Over-Exploited,,,,HIGH,False,False
2023-08-01,ST-02-2,35.53577586206896,31.00147,75.84034,BLK-02,4.8,Over-Exploited,,,,HIGH,False,False
2023-09-01,ST-02-2,35.79648648648649,31.00147,75.84034,BLK-02,4.8,Over-Exploited,,,,HIGH,False,False
2023-10-01,ST-02-2,36.659224137931034,31.00147,75.84034,BLK-02,4.8,Over-Exploited,,,,HIGH,False,False
2023-11-01,ST-02-2,37.945044247787614,31.00147,75.84034,BLK-02,4.8,Over-Exploited,,,,HIGH,False,False
2023-12-01,ST-02-2,39.40973684210526,31.00147,75.84034,BLK-02,4.8,Over-Exploited,,,,HIGH,False,False
2024-01-01,ST-02-2,41.050000000000004,31.00147,75.84034,BLK-02,4.8,Over-Exploited,6.614,137.79,Over-Exploited,HIGH,False,True
2024-02-01,ST-02-2,42.292631578947365,31.00147,75.84034,BLK-02,4.8,Over-Exploited,6.559,136.64,Over-Exploited,HIGH,False,True
2024-03-01,ST-02-2,43.20966386554622,31.00147,75.84034,BLK-02,4.8,Over-Exploited,6.706,139.7,Over-Exploited,HIGH,False,True
2024-04-01,ST-02-2,43.450775862068966,31.00147,75.84034,BLK-02,4.8,Over-Exploited,6.693,139.43,Over-Exploited,HIGH,False,True
2024-05-01,ST-02-2,43.27025210084034,31.00147,75.84034,BLK-02,4.8,Over-Exploited,6.672,139.0,Over-Exploited,HIGH,False,True
2024-06-01,ST-02-2,42.854285714285716,31.00147,75.84034,BLK-02,4.8,Over-Exploited,6.686,139.28,Over-Exploited,HIGH,False,True
2024-07-01,ST-02-2,42.333513513513516,31.00147,75.84034,BLK-02,4.8,Over-Exploited,6.605,137.6,Over-Exploited,HIGH,False,True
2024-08-01,ST-02-2,42.19198347107438,31.00147,75.84034,BLK-02,4.8,Over-Exploited,6.656,138.67,Over-Exploited,HIGH,False,True
2024-09-01,ST-02-2,42.449090909090906,31.00147,75.84034,BLK-02,4.8,Over-Exploited,6.653,138.6,Over-Exploited,HIGH,False,True
2024-10-01,ST-02-2,43.25077586206897,31.00147,75.84034,BLK-02,4.8,Over-Exploited,6.592,137.32,Over-Exploited,HIGH,False,True
2024-11-01,ST-02-2,44.51814159292036,31.00147,75.84034,BLK-02,4.8,Over-Exploited,6.573,136.94,Over-Exploited,HIGH,False,True
2024-12-01,ST-02-2,46.2359649122807,31.00147,75.84034,BLK-02,4.8,Over-Exploited,6.826,142.21,Over-Exploited,HIGH,False,True
2025-01-01,ST-02-2,47.72456896551724,31.00147,75.84034,BLK-02,4.8,Over-Exploited,6.675,139.05,Over-Exploited,HIGH,False,True
2025-02-01,ST-02-2,48.97609523809523,31.00147,75.84034,BLK-02,4.8,Over-Exploited,6.683,139.24,Over-Exploited,HIGH,False,True
2025-03-01,ST-02-2,49.78725663716814,31.00147,75.84034,BLK-02,4.8,Over-Exploited,6.578,137.03,Over-Exploited,HIGH,False,True
2025-04-01,ST-02-2,50.15616071428571,31.00147,75.84034,BLK-02,4.8,Over-Exploited,6.705,139.7,Over-Exploited,HIGH,False,True
2025-05-01,ST-02-2,49.94305084745763,31.00147,75.84034,BLK-02,4.8,Over-Exploited,6.673,139.02,Over-Exploited,HIGH,False,True
2025-06-01,ST-02-2,49.47304347826087,31.00147,75.84034,BLK-02,4.8,Over-Exploited,6.619,137.89,Over-Exploited,HIGH,False,True
2025-07-01,ST-02-2,48.9927731092437,31.00147,75.84034,BLK-02,4.8,Over-Exploited,6.659,138.73,Over-Exploited,HIGH,False,True
2025-08-01,ST-02-2,48.7926050420168,31.00147,75.84034,BLK-02,4.8,Over-Exploited,6.601,137.51,Over-Exploited,HIGH,False,True
2025-09-01,ST-02-2,49.11486725663716,31.00147,75.84034,BLK-02,4.8,Over-Exploited,6.666,138.87,Over-Exploited,HIGH,False,True
2025-10-01,ST-02-2,49.93560344827586,31.00147,75.84034,BLK-02,4.8,Over-Exploited,6.685,139.27,Over-Exploited,HIGH,False,True
2025-11-01,ST-02-2,51.25256880733945,31.00147,75.84034,BLK-02,4.8,Over-Exploited,6.734,140.3,Over-Exploited,HIGH,False,True
2025-12-01,ST-02-2,52.83110091743119,31.00147,75.84034,BLK-02,4.8,Over-Exploited,6.595,137.4,Over-Exploited,HIGH,False,True
2026-01-01,ST-02-2,54.382260869565215,31.00147,75.84034,BLK-02,4.8,Over-Exploited,6.658,138.7,Over-Exploited,HIGH,False,True
2026-02-01,ST-02-2,55.69166666666666,31.00147,75.84034,BLK-02,4.8,Over-Exploited,6.716,139.91,Over-Exploited,HIGH,False,True
2026-03-01,ST-02-2,56.43050420168067,31.00147,75.84034,BLK-02,4.8,Over-Exploited,6.643,138.4,Over-Exploited,HIGH,False,True
2026-04-01,ST-02-2,56.69575221238938,31.00147,75.84034,BLK-02,4.8,Over-Exploited,6.54,136.24,Over-Exploited,HIGH,False,True
2026-05-01,ST-02-2,56.55762711864407,31.00147,75.84034,BLK-02,4.8,Over-Exploited,6.615,137.8,Over-Exploited,HIGH,False,True
2026-06-01,ST-02-2,56.138151260504195,31.00147,75.84034,BLK-02,4.8,Over-Exploited,6.665,138.86,Over-Exploited,HIGH,False,True
2023-01-01,ST-02-3,31.87533898305085,31.15709,75.98842,BLK-02,4.8,Over-Exploited,,,,HIGH,False,False
2023-02-01,ST-02-3,33.556288659793815,31.15709,75.98842,BLK-02,4.8,Over-Exploited,,,,HIGH,False,False
2023-03-01,ST-02-3,34.53798245614035,31.15709,75.98842,BLK-02,4.8,Over-Exploited,,,,HIGH,False,False
2023-04-01,ST-02-3,34.808362068965515,31.15709,75.98842,BLK-02,4.8,Over-Exploited,,,,HIGH,False,False
2023-05-01,ST-02-3,34.3174358974359,31.15709,75.98842,BLK-02,4.8,Over-Exploited,,,,HIGH,False,False
2023-06-01,ST-02-3,33.530973451327434,31.15709,75.98842,BLK-02,4.8,Over-Exploited,,,,HIGH,False,False
2023-07-01,ST-02-3,32.59137931034483,31.15709,75.98842,BLK-02,4.8,Over-Exploited,,,,HIGH,False,False
2023-08-01,ST-02-3,32.159396551724136,31.15709,75.98842,BLK-02,4.8,Over-Exploited,,,,HIGH,False,False
2023-09-01,ST-02-3,32.43141592920354,31.15709,75.98842,BLK-02,4.8,Over-Exploited,,,,HIGH,False,False
2023-10-01,ST-02-3,33.403636363636366,31.15709,75.98842,BLK-02,4.8,Over-Exploited,,,,HIGH,False,False
2023-11-01,ST-02-3,35.14180952380952,31.15709,75.98842,BLK-02,4.8,Over-Exploited,,,,HIGH,False,False
2023-12-01,ST-02-3,37.16853211009174,31.15709,75.98842,BLK-02,4.8,Over-Exploited,,,,HIGH,False,False
2024-01-01,ST-02-3,39.22423728813559,31.15709,75.98842,BLK-02,4.8,Over-Exploited,7.349,153.1,Over-Exploited,HIGH,False,True
2024-02-01,ST-02-3,40.90898148148148,31.15709,75.98842,BLK-02,4.8,Over-Exploited,7.353,153.18,Over-Exploited,HIGH,False,True
2024-03-01,ST-02-3,41.946271186440676,31.15709,75.98842,BLK-02,4.8,Over-Exploited,7.408,154.34,Over-Exploited,HIGH,False,True
2024-04-01,ST-02-3,42.09530434782609,31.15709,75.98842,BLK-02,4.8,Over-Exploited,7.287,151.81,Over-Exploited,HIGH,False,True
2024-05-01,ST-02-3,41.65683333333333,31.15709,75.98842,BLK-02,4.8,Over-Exploited,7.339,152.9,Over-Exploited,HIGH,False,True
2024-06-01,ST-02-3,40.8690350877193,31.15709,75.98842,BLK-02,4.8,Over-Exploited,7.338,152.88,Over-Exploited,HIGH,False,True
2024-07-01,ST-02-3,40.00419642857143,31.15709,75.98842,BLK-02,4.8,Over-Exploited,7.413,154.43,Over-Exploited,HIGH,False,True
2024-08-01,ST-02-3,39.50568965517241,31.15709,75.98842,BLK-02,4.8,Over-Exploited,7.346,153.05,Over-Exploited,HIGH,False,True
2024-09-01,ST-02-3,39.76068376068376,31.15709,75.98842,BLK-02,4.8,Over-Exploited,7.329,152.69,Over-Exploited,HIGH,False,True
2024-10-01,ST-02-3,40.744827586206895,31.15709,75.98842,BLK-02,4.8,Over-Exploited,7.341,152.94,Over-Exploited,HIGH,False,True
2024-11-01,ST-02-3,42.514150943396224,31.15709,75.98842,BLK-02,4.8,Over-Exploited,7.372,153.59,Over-Exploited,HIGH,False,True
2024-12-01,ST-02-3,44.520336134453785,31.15709,75.98842,BLK-02,4.8,Over-Exploited,7.352,153.16,Over-Exploited,HIGH,False,True
2025-01-01,ST-02-3,46.62630630630631,31.15709,75.98842,BLK-02,4.8,Over-Exploited,7.402,154.21,Over-Exploited,HIGH,False,True
2025-02-01,ST-02-3,48.281919191919194,31.15709,75.98842,BLK-02,4.8,Over-Exploited,7.373,153.6,Over-Exploited,HIGH,False,True
2025-03-01,ST-02-3,49.2027731092437,31.15709,75.98842,BLK-02,4.8,Over-Exploited,7.257,151.18,Over-Exploited,HIGH,False,True
2025-04-01,ST-02-3,49.43163793103448,31.15709,75.98842,BLK-02,4.8,Over-Exploited,7.336,152.84,Over-Exploited,HIGH,False,True
2025-05-01,ST-02-3,49.02833333333333,31.15709,75.98842,BLK-02,4.8,Over-Exploited,7.371,153.57,Over-Exploited,HIGH,False,True
2025-06-01,ST-02-3,48.175233644859816,31.15709,75.98842,BLK-02,4.8,Over-Exploited,7.306,152.21,Over-Exploited,HIGH,False,True
2025-07-01,ST-02-3,47.354491525423725,31.15709,75.98842,BLK-02,4.8,Over-Exploited,7.35,153.13,Over-Exploited,HIGH,False,True
2025-08-01,ST-02-3,46.90387387387387,31.15709,75.98842,BLK-02,4.8,Over-Exploited,7.398,154.13,Over-Exploited,HIGH,False,True
2025-09-01,ST-02-3,47.11594827586207,31.15709,75.98842,BLK-02,4.8,Over-Exploited,7.355,153.23,Over-Exploited,HIGH,False,True
2025-10-01,ST-02-3,48.08565217391305,31.15709,75.98842,BLK-02,4.8,Over-Exploited,7.341,152.93,Over-Exploited,HIGH,False,True
2025-11-01,ST-02-3,49.799,31.15709,75.98842,BLK-02,4.8,Over-Exploited,7.285,151.77,Over-Exploited,HIGH,False,True
2025-12-01,ST-02-3,51.8090990990991,31.15709,75.98842,BLK-02,4.8,Over-Exploited,7.289,151.85,Over-Exploited,HIGH,False,True
2026-01-01,ST-02-3,53.95545454545455,31.15709,75.98842,BLK-02,4.8,Over-Exploited,7.329,152.69,Over-Exploited,HIGH,False,True
2026-02-01,ST-02-3,55.616020408163266,31.15709,75.98842,BLK-02,4.8,Over-Exploited,7.334,152.79,Over-Exploited,HIGH,False,True
2026-03-01,ST-02-3,56.59613445378151,31.15709,75.98842,BLK-02,4.8,Over-Exploited,7.393,154.03,Over-Exploited,HIGH,False,True
2026-04-01,ST-02-3,56.79429824561404,31.15709,75.98842,BLK-02,4.8,Over-Exploited,7.363,153.39,Over-Exploited,HIGH,False,True
2026-05-01,ST-02-3,56.32301724137931,31.15709,75.98842,BLK-02,4.8,Over-Exploited,7.295,151.97,Over-Exploited,HIGH,False,True
2026-06-01,ST-02-3,55.47649572649573,31.15709,75.98842,BLK-02,4.8,Over-Exploited,7.301,152.11,Over-Exploited,HIGH,False,True
2023-01-01,ST-03-1,27.53449152542373,30.54416,76.23496,BLK-03,5.1,Critical,,,,HIGH,False,False
2023-02-01,ST-03-1,28.567619047619047,30.54416,76.23496,BLK-03,5.1,Critical,,,,HIGH,False,False
2023-03-01,ST-03-1,29.085526315789473,30.54416,76.23496,BLK-03,5.1,Critical,,,,HIGH,False,False
2023-04-01,ST-03-1,29.08625,30.54416,76.23496,BLK-03,5.1,Critical,,,,HIGH,False,False
2023-05-01,ST-03-1,28.460762711864405,30.54416,76.23496,BLK-03,5.1,Critical,,,,HIGH,False,False
2023-06-01,ST-03-1,27.695652173913043,30.54416,76.23496,BLK-03,5.1,Critical,,,,HIGH,False,False
2023-07-01,ST-03-1,26.81880341880342,30.54416,76.23496,BLK-03,5.1,Critical,,,,HIGH,False,False
2023-08-01,ST-03-1,26.258813559322032,30.54416,76.23496,BLK-03,5.1,Critical,,,,HIGH,False,False
2023-09-01,ST-03-1,26.19017857142857,30.54416,76.23496,BLK-03,5.1,Critical,,,,HIGH,False,False
2023-10-01,ST-03-1,26.723504273504275,30.54416,76.23496,BLK-03,5.1,Critical,,,,HIGH,False,False
2023-11-01,ST-03-1,27.76103448275862,30.54416,76.23496,BLK-03,5.1,Critical,,,,HIGH,False,False
2023-12-01,ST-03-1,29.078482142857144,30.54416,76.23496,BLK-03,5.1,Critical,,,,HIGH,False,False
2024-01-01,ST-03-1,30.370530973451327,30.54416,76.23496,BLK-03,5.1,Critical,2.836,55.61,Safe,HIGH,True,False
2024-02-01,ST-03-1,31.37827272727273,30.54416,76.23496,BLK-03,5.1,Critical,2.811,55.11,Safe,HIGH,True,False
2024-03-01,ST-03-1,31.92310344827586,30.54416,76.23496,BLK-03,5.1,Critical,2.838,55.64,Safe,HIGH,True,False
2024-04-01,ST-03-1,31.880916666666668,30.54416,76.23496,BLK-03,5.1,Critical,2.795,54.8,Safe,HIGH,True,False
2024-05-01,ST-03-1,31.32211009174312,30.54416,76.23496,BLK-03,5.1,Critical,2.861,56.1,Safe,HIGH,True,False
2024-06-01,ST-03-1,30.498053097345135,30.54416,76.23496,BLK-03,5.1,Critical,2.802,54.95,Safe,HIGH,True,False
2024-07-01,ST-03-1,29.651186440677968,30.54416,76.23496,BLK-03,5.1,Critical,2.832,55.54,Safe,HIGH,True,False
2024-08-01,ST-03-1,29.162941176470586,30.54416,76.23496,BLK-03,5.1,Critical,2.904,56.94,Safe,HIGH,True,False
2024-09-01,ST-03-1,29.05359649122807,30.54416,76.23496,BLK-03,5.1,Critical,2.863,56.15,Safe,HIGH,True,False
2024-10-01,ST-03-1,29.506610169491527,30.54416,76.23496,BLK-03,5.1,Critical,2.783,54.57,Safe,HIGH,True,False
2024-11-01,ST-03-1,30.57424778761062,30.54416,76.23496,BLK-03,5.1,Critical,2.813,55.16,Safe,HIGH,True,False
2024-12-01,ST-03-1,31.883909090909093,30.54416,76.23496,BLK-03,5.1,Critical,2.805,55.01,Safe,HIGH,True,False
2025-01-01,ST-03-1,33.18808695652174,30.54416,76.23496,BLK-03,5.1,Critical,2.818,55.25,Safe,HIGH,True,False
2025-02-01,ST-03-1,34.18980582524272,30.54416,76.23496,BLK-03,5.1,Critical,2.812,55.13,Safe,HIGH,True,False
2025-03-01,ST-03-1,34.74508620689655,30.54416,76.23496,BLK-03,5.1,Critical,2.822,55.33,Safe,HIGH,True,False
2025-04-01,ST-03-1,34.66426086956522,30.54416,76.23496,BLK-03,5.1,Critical,2.783,54.58,Safe,HIGH,True,False
2025-05-01,ST-03-1,34.13419642857143,30.54416,76.23496,BLK-03,5.1,Critical,2.812,55.14,Safe,HIGH,True,False
2025-06-01,ST-03-1,33.33721739130435,30.54416,76.23496,BLK-03,5.1,Critical,2.839,55.67,Safe,HIGH,True,False
2025-07-01,ST-03-1,32.51410714285714,30.54416,76.23496,BLK-03,5.1,Critical,2.863,56.14,Safe,HIGH,True,False
2025-08-01,ST-03-1,31.9085593220339,30.54416,76.23496,BLK-03,5.1,Critical,2.746,53.84,Safe,HIGH,True,False
2025-09-01,ST-03-1,31.836782608695653,30.54416,76.23496,BLK-03,5.1,Critical,2.783,54.57,Safe,HIGH,True,False
2025-10-01,ST-03-1,32.402,30.54416,76.23496,BLK-03,5.1,Critical,2.895,56.77,Safe,HIGH,True,False
2025-11-01,ST-03-1,33.42618181818182,30.54416,76.23496,BLK-03,5.1,Critical,2.852,55.92,Safe,HIGH,True,False
2025-12-01,ST-03-1,34.75646017699115,30.54416,76.23496,BLK-03,5.1,Critical,2.873,56.32,Safe,HIGH,True,False
2026-01-01,ST-03-1,36.04336283185841,30.54416,76.23496,BLK-03,5.1,Critical,2.855,55.99,Safe,HIGH,True,False
2026-02-01,ST-03-1,37.03644859813084,30.54416,76.23496,BLK-03,5.1,Critical,2.847,55.82,Safe,HIGH,True,False
2026-03-01,ST-03-1,37.54508333333333,30.54416,76.23496,BLK-03,5.1,Critical,2.8,54.9,Safe,HIGH,True,False
2026-04-01,ST-03-1,37.50567796610169,30.54416,76.23496,BLK-03,5.1,Critical,2.841,55.71,Safe,HIGH,True,False
2026-05-01,ST-03-1,36.95307692307693,30.54416,76.23496,BLK-03,5.1,Critical,2.819,55.27,Safe,HIGH,True,False
2026-06-01,ST-03-1,36.1724347826087,30.54416,76.23496,BLK-03,5.1,Critical,2.835,55.59,Safe,HIGH,True,False
2023-01-01,ST-03-2,26.52109243697479,30.30204,76.29752,BLK-03,5.1,Critical,,,,HIGH,False,False
2023-02-01,ST-03-2,27.874313725490193,30.30204,76.29752,BLK-03,5.1,Critical,,,,HIGH,False,False
2023-03-01,ST-03-2,28.59016666666667,30.30204,76.29752,BLK-03,5.1,Critical,,,,HIGH,False,False
2023-04-01,ST-03-2,28.48854700854701,30.30204,76.29752,BLK-03,5.1,Critical,,,,HIGH,False,False
2023-05-01,ST-03-2,27.76043103448276,30.30204,76.29752,BLK-03,5.1,Critical,,,,HIGH,False,False
2023-06-01,ST-03-2,26.679541284403673,30.30204,76.29752,BLK-03,5.1,Critical,,,,HIGH,False,False
2023-07-01,ST-03-2,25.54660714285714,30.30204,76.29752,BLK-03,5.1,Critical,,,,HIGH,False,False
2023-08-01,ST-03-2,24.814700854700856,30.30204,76.29752,BLK-03,5.1,Critical,,,,HIGH,False,False
2023-09-01,ST-03-2,24.735701754385964,30.30204,76.29752,BLK-03,5.1,Critical,,,,HIGH,False,False
2023-10-01,ST-03-2,25.44611570247934,30.30204,76.29752,BLK-03,5.1,Critical,,,,HIGH,False,False
2023-11-01,ST-03-2,26.776601941747572,30.30204,76.29752,BLK-03,5.1,Critical,,,,HIGH,False,False
2023-12-01,ST-03-2,28.560000000000002,30.30204,76.29752,BLK-03,5.1,Critical,,,,HIGH,False,False
2024-01-01,ST-03-2,30.324954954954958,30.30204,76.29752,BLK-03,5.1,Critical,3.804,74.59,Semi-Critical,HIGH,True,True
2024-02-01,ST-03-2,31.653069306930693,30.30204,76.29752,BLK-03,5.1,Critical,3.779,74.09,Semi-Critical,HIGH,True,True
2024-03-01,ST-03-2,32.38925,30.30204,76.29752,BLK-03,5.1,Critical,3.799,74.49,Semi-Critical,HIGH,True,True
2024-04-01,ST-03-2,32.28053097345133,30.30204,76.29752,BLK-03,5.1,Critical,3.792,74.35,Semi-Critical,HIGH,True,True
2024-05-01,ST-03-2,31.559310344827587,30.30204,76.29752,BLK-03,5.1,Critical,3.799,74.49,Semi-Critical,HIGH,True,True
2024-06-01,ST-03-2,30.46130434782609,30.30204,76.29752,BLK-03,5.1,Critical,3.782,74.15,Semi-Critical,HIGH,True,True
2024-07-01,ST-03-2,29.34103448275862,30.30204,76.29752,BLK-03,5.1,Critical,3.794,74.4,Semi-Critical,HIGH,True,True
2024-08-01,ST-03-2,28.59361344537815,30.30204,76.29752,BLK-03,5.1,Critical,3.779,74.1,Semi-Critical,HIGH,True,True
2024-09-01,ST-03-2,28.515526315789472,30.30204,76.29752,BLK-03,5.1,Critical,3.78,74.11,Semi-Critical,HIGH,True,True
2024-10-01,ST-03-2,29.193879310344826,30.30204,76.29752,BLK-03,5.1,Critical,3.748,73.49,Semi-Critical,HIGH,True,True
2024-11-01,ST-03-2,30.599909090909094,30.30204,76.29752,BLK-03,5.1,Critical,3.823,74.97,Semi-Critical,HIGH,True,True
2024-12-01,ST-03-2,32.34719298245614,30.30204,76.29752,BLK-03,5.1,Critical,3.787,74.26,Semi-Critical,HIGH,True,True
2025-01-01,ST-03-2,34.13981308411215,30.30204,76.29752,BLK-03,5.1,Critical,3.815,74.8,Semi-Critical,HIGH,True,True
2025-02-01,ST-03-2,35.454579439252335,30.30204,76.29752,BLK-03,5.1,Critical,3.802,74.54,Semi-Critical,HIGH,True,True
2025-03-01,ST-03-2,36.141949152542374,30.30204,76.29752,BLK-03,5.1,Critical,3.753,73.58,Semi-Critical,HIGH,True,True
2025-04-01,ST-03-2,36.043893805309736,30.30204,76.29752,BLK-03,5.1,Critical,3.763,73.79,Semi-Critical,HIGH,True,True
2025-05-01,ST-03-2,35.32361344537815,30.30204,76.29752,BLK-03,5.1,Critical,3.764,73.81,Semi-Critical,HIGH,True,True
2025-06-01,ST-03-2,34.17557522123894,30.30204,76.29752,BLK-03,5.1,Critical,3.714,72.83,Semi-Critical,HIGH,True,True
2025-07-01,ST-03-2,33.070701754385965,30.30204,76.29752,BLK-03,5.1,Critical,3.73,73.13,Semi-Critical,HIGH,True,True
2025-08-01,ST-03-2,32.31412280701754,30.30204,76.29752,BLK-03,5.1,Critical,3.721,72.95,Semi-Critical,HIGH,True,True
2025-09-01,ST-03-2,32.285495495495496,30.30204,76.29752,BLK-03,5.1,Critical,3.77,73.92,Semi-Critical,HIGH,True,True
2025-10-01,ST-03-2,32.96666666666667,30.30204,76.29752,BLK-03,5.1,Critical,3.773,73.98,Semi-Critical,HIGH,True,True
2025-11-01,ST-03-2,34.34982608695652,30.30204,76.29752,BLK-03,5.1,Critical,3.75,73.53,Semi-Critical,HIGH,True,True
2025-12-01,ST-03-2,36.08982300884956,30.30204,76.29752,BLK-03,5.1,Critical,3.743,73.38,Semi-Critical,HIGH,True,True
2026-01-01,ST-03-2,37.88125,30.30204,76.29752,BLK-03,5.1,Critical,3.741,73.36,Semi-Critical,HIGH,True,True
2026-02-01,ST-03-2,39.22794117647059,30.30204,76.29752,BLK-03,5.1,Critical,3.773,73.99,Semi-Critical,HIGH,True,True
2026-03-01,ST-03-2,39.88453781512605,30.30204,76.29752,BLK-03,5.1,Critical,3.743,73.38,Semi-Critical,HIGH,True,True
2026-04-01,ST-03-2,39.840090090090094,30.30204,76.29752,BLK-03,5.1,Critical,3.796,74.44,Semi-Critical,HIGH,True,True
2026-05-01,ST-03-2,39.10091666666666,30.30204,76.29752,BLK-03,5.1,Critical,3.777,74.06,Semi-Critical,HIGH,True,True
2026-06-01,ST-03-2,37.89570175438596,30.30204,76.29752,BLK-03,5.1,Critical,3.72,72.94,Semi-Critical,HIGH,True,True
2023-01-01,ST-03-3,25.69635593220339,30.35397,76.27127,BLK-03,5.1,Critical,,,,HIGH,False,False
2023-02-01,ST-03-3,27.051834862385324,30.35397,76.27127,BLK-03,5.1,Critical,,,,HIGH,False,False
2023-03-01,ST-03-3,27.764166666666664,30.35397,76.27127,BLK-03,5.1,Critical,,,,HIGH,False,False
2023-04-01,ST-03-3,27.593620689655175,30.35397,76.27127,BLK-03,5.1,Critical,,,,HIGH,False,False
2023-05-01,ST-03-3,26.693109243697478,30.35397,76.27127,BLK-03,5.1,Critical,,,,HIGH,False,False
2023-06-01,ST-03-3,25.41684684684685,30.35397,76.27127,BLK-03,5.1,Critical,,,,HIGH,False,False
2023-07-01,ST-03-3,24.038495575221237,30.35397,76.27127,BLK-03,5.1,Critical,,,,HIGH,False,False
2023-08-01,ST-03-3,23.155258620689658,30.35397,76.27127,BLK-03,5.1,Critical,,,,HIGH,False,False
2023-09-01,ST-03-3,22.998495575221238,30.35397,76.27127,BLK-03,5.1,Critical,,,,HIGH,False,False
2023-10-01,ST-03-3,23.638017241379313,30.35397,76.27127,BLK-03,5.1,Critical,,,,HIGH,False,False
2023-11-01,ST-03-3,25.105840707964603,30.35397,76.27127,BLK-03,5.1,Critical,,,,HIGH,False,False
2023-12-01,ST-03-3,26.932758620689654,30.35397,76.27127,BLK-03,5.1,Critical,,,,HIGH,False,False
2024-01-01,ST-03-3,28.80735849056604,30.35397,76.27127,BLK-03,5.1,Critical,3.111,61.0,Safe,HIGH,True,False
2024-02-01,ST-03-3,30.21017857142857,30.35397,76.27127,BLK-03,5.1,Critical,3.158,61.93,Safe,HIGH,True,False
2024-03-01,ST-03-3,30.946859504132235,30.35397,76.27127,BLK-03,5.1,Critical,3.183,62.41,Safe,HIGH,True,False
2024-04-01,ST-03-3,30.803185840707968,30.35397,76.27127,BLK-03,5.1,Critical,3.21,62.93,Safe,HIGH,True,False
2024-05-01,ST-03-3,29.861465517241378,30.35397,76.27127,BLK-03,5.1,Critical,3.168,62.12,Safe,HIGH,True,False
2024-06-01,ST-03-3,28.50287037037037,30.35397,76.27127,BLK-03,5.1,Critical,3.086,60.51,Safe,HIGH,True,False
2024-07-01,ST-03-3,27.126694214876032,30.35397,76.27127,BLK-03,5.1,Critical,3.088,60.55,Safe,HIGH,True,False
2024-08-01,ST-03-3,26.28196261682243,30.35397,76.27127,BLK-03,5.1,Critical,3.127,61.31,Safe,HIGH,True,False
2024-09-01,ST-03-3,26.117053571428574,30.35397,76.27127,BLK-03,5.1,Critical,3.119,61.15,Safe,HIGH,True,False
2024-10-01,ST-03-3,26.8165,30.35397,76.27127,BLK-03,5.1,Critical,3.178,62.32,Safe,HIGH,True,False
2024-11-01,ST-03-3,28.22537037037037,30.35397,76.27127,BLK-03,5.1,Critical,3.12,61.17,Safe,HIGH,True,False
2024-12-01,ST-03-3,30.111009174311924,30.35397,76.27127,BLK-03,5.1,Critical,3.178,62.32,Safe,HIGH,True,False
2025-01-01,ST-03-3,31.895181818181815,30.35397,76.27127,BLK-03,5.1,Critical,3.088,60.55,Safe,HIGH,True,False
2025-02-01,ST-03-3,33.376938775510204,30.35397,76.27127,BLK-03,5.1,Critical,3.167,62.09,Safe,HIGH,True,False
2025-03-01,ST-03-3,34.067058823529415,30.35397,76.27127,BLK-03,5.1,Critical,3.12,61.18,Safe,HIGH,True,False
2025-04-01,ST-03-3,33.88842105263158,30.35397,76.27127,BLK-03,5.1,Critical,3.085,60.49,Safe,HIGH,True,False
2025-05-01,ST-03-3,33.01025,30.35397,76.27127,BLK-03,5.1,Critical,3.149,61.74,Safe,HIGH,True,False
2025-06-01,ST-03-3,31.66693693693694,30.35397,76.27127,BLK-03,5.1,Critical,3.164,62.04,Safe,HIGH,True,False
2025-07-01,ST-03-3,30.343873873873875,30.35397,76.27127,BLK-03,5.1,Critical,3.217,63.08,Safe,HIGH,True,False
2025-08-01,ST-03-3,29.401150442477874,30.35397,76.27127,BLK-03,5.1,Critical,3.119,61.16,Safe,HIGH,True,False
2025-09-01,ST-03-3,29.281965811965815,30.35397,76.27127,BLK-03,5.1,Critical,3.165,62.06,Safe,HIGH,True,False
2025-10-01,ST-03-3,29.93582608695652,30.35397,76.27127,BLK-03,5.1,Critical,3.119,61.16,Safe,HIGH,True,False
2025-11-01,ST-03-3,31.34532110091743,30.35397,76.27127,BLK-03,5.1,Critical,3.12,61.18,Safe,HIGH,True,False
2025-12-01,ST-03-3,33.204166666666666,30.35397,76.27127,BLK-03,5.1,Critical,3.093,60.65,Safe,HIGH,True,False
2026-01-01,ST-03-3,35.08658333333334,30.35397,76.27127,BLK-03,5.1,Critical,3.191,62.58,Safe,HIGH,True,False
2026-02-01,ST-03-3,36.512058823529415,30.35397,76.27127,BLK-03,5.1,Critical,3.135,61.47,Safe,HIGH,True,False
2026-03-01,ST-03-3,37.19145299145299,30.35397,76.27127,BLK-03,5.1,Critical,3.124,61.26,Safe,HIGH,True,False
2026-04-01,ST-03-3,37.031858407079646,30.35397,76.27127,BLK-03,5.1,Critical,3.143,61.64,Safe,HIGH,True,False
2026-05-01,ST-03-3,36.16264462809917,30.35397,76.27127,BLK-03,5.1,Critical,3.152,61.81,Safe,HIGH,True,False
2026-06-01,ST-03-3,34.80577981651376,30.35397,76.27127,BLK-03,5.1,Critical,3.139,61.55,Safe,HIGH,True,False
2023-01-01,ST-04-1,28.869401709401707,31.31986,76.52065,BLK-04,5.6,Critical,,,,HIGH,False,False
2023-02-01,ST-04-1,29.917333333333335,31.31986,76.52065,BLK-04,5.6,Critical,,,,HIGH,False,False
2023-03-01,ST-04-1,30.54093220338983,31.31986,76.52065,BLK-04,5.6,Critical,,,,HIGH,False,False
2023-04-01,ST-04-1,30.43870689655172,31.31986,76.52065,BLK-04,5.6,Critical,,,,HIGH,False,False
2023-05-01,ST-04-1,29.869411764705884,31.31986,76.52065,BLK-04,5.6,Critical,,,,HIGH,False,False
2023-06-01,ST-04-1,29.007117117117115,31.31986,76.52065,BLK-04,5.6,Critical,,,,HIGH,False,False
2023-07-01,ST-04-1,28.126521739130435,31.31986,76.52065,BLK-04,5.6,Critical,,,,HIGH,False,False
2023-08-01,ST-04-1,27.51079646017699,31.31986,76.52065,BLK-04,5.6,Critical,,,,HIGH,False,False
2023-09-01,ST-04-1,27.49076923076923,31.31986,76.52065,BLK-04,5.6,Critical,,,,HIGH,False,False
2023-10-01,ST-04-1,28.069586776859506,31.31986,76.52065,BLK-04,5.6,Critical,,,,HIGH,False,False
2023-11-01,ST-04-1,29.23230088495575,31.31986,76.52065,BLK-04,5.6,Critical,,,,HIGH,False,False
2023-12-01,ST-04-1,30.619090909090907,31.31986,76.52065,BLK-04,5.6,Critical,,,,HIGH,False,False
2024-01-01,ST-04-1,32.04530434782609,31.31986,76.52065,BLK-04,5.6,Critical,3.176,56.71,Safe,HIGH,True,False
2024-02-01,ST-04-1,33.18385964912281,31.31986,76.52065,BLK-04,5.6,Critical,3.267,58.33,Safe,HIGH,True,False
2024-03-01,ST-04-1,33.75634782608696,31.31986,76.52065,BLK-04,5.6,Critical,3.215,57.42,Safe,HIGH,True,False
2024-04-01,ST-04-1,33.718859649122805,31.31986,76.52065,BLK-04,5.6,Critical,3.28,58.57,Safe,HIGH,True,False
2024-05-01,ST-04-1,33.16817391304348,31.31986,76.52065,BLK-04,5.6,Critical,3.299,58.91,Safe,HIGH,True,False
2024-06-01,ST-04-1,32.28544642857143,31.31986,76.52065,BLK-04,5.6,Critical,3.278,58.54,Safe,HIGH,True,False
2024-07-01,ST-04-1,31.37853448275862,31.31986,76.52065,BLK-04,5.6,Critical,3.252,58.07,Safe,HIGH,True,False
2024-08-01,ST-04-1,30.77764705882353,31.31986,76.52065,BLK-04,5.6,Critical,3.267,58.34,Safe,HIGH,True,False
2024-09-01,ST-04-1,30.748495575221238,31.31986,76.52065,BLK-04,5.6,Critical,3.258,58.17,Safe,HIGH,True,False
2024-10-01,ST-04-1,31.306491228070175,31.31986,76.52065,BLK-04,5.6,Critical,3.237,57.8,Safe,HIGH,True,False
2024-11-01,ST-04-1,32.42810344827586,31.31986,76.52065,BLK-04,5.6,Critical,3.196,57.07,Safe,HIGH,True,False
2024-12-01,ST-04-1,33.86878504672897,31.31986,76.52065,BLK-04,5.6,Critical,3.25,58.03,Safe,HIGH,True,False
2025-01-01,ST-04-1,35.31675438596491,31.31986,76.52065,BLK-04,5.6,Critical,3.271,58.42,Safe,HIGH,True,False
2025-02-01,ST-04-1,36.389494949494946,31.31986,76.52065,BLK-04,5.6,Critical,3.206,57.24,Safe,HIGH,True,False
2025-03-01,ST-04-1,36.985689655172415,31.31986,76.52065,BLK-04,5.6,Critical,3.229,57.67,Safe,HIGH,True,False
2025-04-01,ST-04-1,36.97460869565217,31.31986,76.52065,BLK-04,5.6,Critical,3.256,58.14,Safe,HIGH,True,False
2025-05-01,ST-04-1,36.38474576271186,31.31986,76.52065,BLK-04,5.6,Critical,3.217,57.44,Safe,HIGH,True,False
2025-06-01,ST-04-1,35.51116504854369,31.31986,76.52065,BLK-04,5.6,Critical,3.226,57.6,Safe,HIGH,True,False
2025-07-01,ST-04-1,34.631983471074385,31.31986,76.52065,BLK-04,5.6,Critical,3.253,58.1,Safe,HIGH,True,False
2025-08-01,ST-04-1,34.01939130434783,31.31986,76.52065,BLK-04,5.6,Critical,3.242,57.89,Safe,HIGH,True,False
2025-09-01,ST-04-1,34.00690265486726,31.31986,76.52065,BLK-04,5.6,Critical,3.258,58.19,Safe,HIGH,True,False
2025-10-01,ST-04-1,34.549652173913046,31.31986,76.52065,BLK-04,5.6,Critical,3.243,57.91,Safe,HIGH,True,False
2025-11-01,ST-04-1,35.68703703703704,31.31986,76.52065,BLK-04,5.6,Critical,3.259,58.2,Safe,HIGH,True,False
2025-12-01,ST-04-1,37.12436363636363,31.31986,76.52065,BLK-04,5.6,Critical,3.256,58.14,Safe,HIGH,True,False
2026-01-01,ST-04-1,38.52290598290598,31.31986,76.52065,BLK-04,5.6,Critical,3.206,57.25,Safe,HIGH,True,False
2026-02-01,ST-04-1,39.65235294117647,31.31986,76.52065,BLK-04,5.6,Critical,3.263,58.27,Safe,HIGH,True,False
2026-03-01,ST-04-1,40.22697478991597,31.31986,76.52065,BLK-04,5.6,Critical,3.241,57.88,Safe,HIGH,True,False
2026-04-01,ST-04-1,40.16336283185841,31.31986,76.52065,BLK-04,5.6,Critical,3.189,56.94,Safe,HIGH,True,False
2026-05-01,ST-04-1,39.670370370370364,31.31986,76.52065,BLK-04,5.6,Critical,3.286,58.67,Safe,HIGH,True,False
2026-06-01,ST-04-1,38.678141592920355,31.31986,76.52065,BLK-04,5.6,Critical,3.167,56.55,Safe,HIGH,True,False
2023-01-01,ST-04-2,31.68725,31.20364,76.84569,BLK-04,5.6,Critical,,,,HIGH,False,False
2023-02-01,ST-04-2,33.1375,31.20364,76.84569,BLK-04,5.6,Critical,,,,HIGH,False,False
2023-03-01,ST-04-2,33.850252100840336,31.20364,76.84569,BLK-04,5.6,Critical,,,,HIGH,False,False
2023-04-01,ST-04-2,33.671052631578945,31.20364,76.84569,BLK-04,5.6,Critical,,,,HIGH,False,False
2023-05-01,ST-04-2,32.74920353982301,31.20364,76.84569,BLK-04,5.6,Critical,,,,HIGH,False,False
2023-06-01,ST-04-2,31.339444444444442,31.20364,76.84569,BLK-04,5.6,Critical,,,,HIGH,False,False
2023-07-01,ST-04-2,29.95220338983051,31.20364,76.84569,BLK-04,5.6,Critical,,,,HIGH,False,False
2023-08-01,ST-04-2,29.010714285714283,31.20364,76.84569,BLK-04,5.6,Critical,,,,HIGH,False,False
2023-09-01,ST-04-2,28.8341592920354,31.20364,76.84569,BLK-04,5.6,Critical,,,,HIGH,False,False
2023-10-01,ST-04-2,29.538487394957983,31.20364,76.84569,BLK-04,5.6,Critical,,,,HIGH,False,False
2023-11-01,ST-04-2,31.00568965517241,31.20364,76.84569,BLK-04,5.6,Critical,,,,HIGH,False,False
2023-12-01,ST-04-2,32.94229357798165,31.20364,76.84569,BLK-04,5.6,Critical,,,,HIGH,False,False
2024-01-01,ST-04-2,34.89719298245614,31.20364,76.84569,BLK-04,5.6,Critical,3.21,57.32,Safe,HIGH,True,False
2024-02-01,ST-04-2,36.37656565656565,31.20364,76.84569,BLK-04,5.6,Critical,3.239,57.84,Safe,HIGH,True,False
2024-03-01,ST-04-2,37.06420168067227,31.20364,76.84569,BLK-04,5.6,Critical,3.214,57.39,Safe,HIGH,True,False
2024-04-01,ST-04-2,36.87396551724138,31.20364,76.84569,BLK-04,5.6,Critical,3.203,57.19,Safe,HIGH,True,False
2024-05-01,ST-04-2,35.95420560747664,31.20364,76.84569,BLK-04,5.6,Critical,3.205,57.23,Safe,HIGH,True,False
2024-06-01,ST-04-2,34.51336206896552,31.20364,76.84569,BLK-04,5.6,Critical,3.174,56.68,Safe,HIGH,True,False
2024-07-01,ST-04-2,33.13875,31.20364,76.84569,BLK-04,5.6,Critical,3.187,56.9,Safe,HIGH,True,False
2024-08-01,ST-04-2,32.232212389380535,31.20364,76.84569,BLK-04,5.6,Critical,3.221,57.53,Safe,HIGH,True,False
2024-09-01,ST-04-2,32.043070175438594,31.20364,76.84569,BLK-04,5.6,Critical,3.209,57.3,Safe,HIGH,True,False
2024-10-01,ST-04-2,32.74837606837607,31.20364,76.84569,BLK-04,5.6,Critical,3.21,57.32,Safe,HIGH,True,False
2024-11-01,ST-04-2,34.238425925925924,31.20364,76.84569,BLK-04,5.6,Critical,3.233,57.73,Safe,HIGH,True,False
2024-12-01,ST-04-2,36.13099099099099,31.20364,76.84569,BLK-04,5.6,Critical,3.189,56.94,Safe,HIGH,True,False
2025-01-01,ST-04-2,38.09522522522522,31.20364,76.84569,BLK-04,5.6,Critical,3.198,57.11,Safe,HIGH,True,False
2025-02-01,ST-04-2,39.56158415841584,31.20364,76.84569,BLK-04,5.6,Critical,3.185,56.88,Safe,HIGH,True,False
2025-03-01,ST-04-2,40.28066666666667,31.20364,76.84569,BLK-04,5.6,Critical,3.216,57.44,Safe,HIGH,True,False
2025-04-01,ST-04-2,40.03964601769911,31.20364,76.84569,BLK-04,5.6,Critical,3.166,56.53,Safe,HIGH,True,False
2025-05-01,ST-04-2,39.15279661016949,31.20364,76.84569,BLK-04,5.6,Critical,3.199,57.12,Safe,HIGH,True,False
2025-06-01,ST-04-2,37.732991452991456,31.20364,76.84569,BLK-04,5.6,Critical,3.22,57.49,Safe,HIGH,True,False
2025-07-01,ST-04-2,36.36123893805309,31.20364,76.84569,BLK-04,5.6,Critical,3.222,57.54,Safe,HIGH,True,False
2025-08-01,ST-04-2,35.42126050420168,31.20364,76.84569,BLK-04,5.6,Critical,3.189,56.95,Safe,HIGH,True,False
2025-09-01,ST-04-2,35.269999999999996,31.20364,76.84569,BLK-04,5.6,Critical,3.227,57.62,Safe,HIGH,True,False
2025-10-01,ST-04-2,35.910420168067226,31.20364,76.84569,BLK-04,5.6,Critical,3.162,56.47,Safe,HIGH,True,False
2025-11-01,ST-04-2,37.42382608695652,31.20364,76.84569,BLK-04,5.6,Critical,3.185,56.88,Safe,HIGH,True,False
2025-12-01,ST-04-2,39.35560747663551,31.20364,76.84569,BLK-04,5.6,Critical,3.225,57.58,Safe,HIGH,True,False
2026-01-01,ST-04-2,41.29594594594595,31.20364,76.84569,BLK-04,5.6,Critical,3.201,57.16,Safe,HIGH,True,False
2026-02-01,ST-04-2,42.80051546391752,31.20364,76.84569,BLK-04,5.6,Critical,3.239,57.84,Safe,HIGH,True,False
2026-03-01,ST-04-2,43.47418803418803,31.20364,76.84569,BLK-04,5.6,Critical,3.194,57.03,Safe,HIGH,True,False
2026-04-01,ST-04-2,43.32120689655173,31.20364,76.84569,BLK-04,5.6,Critical,3.282,58.6,Safe,HIGH,True,False
2026-05-01,ST-04-2,42.39296296296296,31.20364,76.84569,BLK-04,5.6,Critical,3.24,57.86,Safe,HIGH,True,False
2026-06-01,ST-04-2,40.95384615384615,31.20364,76.84569,BLK-04,5.6,Critical,3.221,57.52,Safe,HIGH,True,False
2023-01-01,ST-04-3,29.325966386554622,31.37414,76.66997,BLK-04,5.6,Critical,,,,HIGH,False,False
2023-02-01,ST-04-3,30.998173076923077,31.37414,76.66997,BLK-04,5.6,Critical,,,,HIGH,False,False
2023-03-01,ST-04-3,31.832066115702478,31.37414,76.66997,BLK-04,5.6,Critical,,,,HIGH,False,False
2023-04-01,ST-04-3,31.7014406779661,31.37414,76.66997,BLK-04,5.6,Critical,,,,HIGH,False,False
2023-05-01,ST-04-3,30.665081967213112,31.37414,76.66997,BLK-04,5.6,Critical,,,,HIGH,False,False
2023-06-01,ST-04-3,29.2093,31.37414,76.66997,BLK-04,5.6,Critical,,,,HIGH,False,False
2023-07-01,ST-04-3,27.626608695652173,31.37414,76.66997,BLK-04,5.6,Critical,,,,HIGH,False,False
2023-08-01,ST-04-3,26.62544642857143,31.37414,76.66997,BLK-04,5.6,Critical,,,,HIGH,False,False
2023-09-01,ST-04-3,26.44931623931624,31.37414,76.66997,BLK-04,5.6,Critical,,,,HIGH,False,False
2023-10-01,ST-04-3,27.29176470588235,31.37414,76.66997,BLK-04,5.6,Critical,,,,HIGH,False,False
2023-11-01,ST-04-3,28.97940170940171,31.37414,76.66997,BLK-04,5.6,Critical,,,,HIGH,False,False
2023-12-01,ST-04-3,31.22769911504425,31.37414,76.66997,BLK-04,5.6,Critical,,,,HIGH,False,False
2024-01-01,ST-04-3,33.44657894736842,31.37414,76.66997,BLK-04,5.6,Critical,4.121,73.58,Semi-Critical,HIGH,True,True
2024-02-01,ST-04-3,35.13991304347826,31.37414,76.66997,BLK-04,5.6,Critical,4.142,73.96,Semi-Critical,HIGH,True,True
2024-03-01,ST-04-3,35.97721739130435,31.37414,76.66997,BLK-04,5.6,Critical,4.145,74.02,Semi-Critical,HIGH,True,True
2024-04-01,ST-04-3,35.81999999999999,31.37414,76.66997,BLK-04,5.6,Critical,4.119,73.55,Semi-Critical,HIGH,True,True
2024-05-01,ST-04-3,34.833684210526314,31.37414,76.66997,BLK-04,5.6,Critical,4.169,74.44,Semi-Critical,HIGH,True,True
2024-06-01,ST-04-3,33.31572727272727,31.37414,76.66997,BLK-04,5.6,Critical,4.106,73.33,Semi-Critical,HIGH,True,True
2024-07-01,ST-04-3,31.803220338983053,31.37414,76.66997,BLK-04,5.6,Critical,4.177,74.58,Semi-Critical,HIGH,True,True
2024-08-01,ST-04-3,30.757190082644627,31.37414,76.66997,BLK-04,5.6,Critical,4.132,73.78,Semi-Critical,HIGH,True,True
2024-09-01,ST-04-3,30.624521739130437,31.37414,76.66997,BLK-04,5.6,Critical,4.175,74.56,Semi-Critical,HIGH,True,True
2024-10-01,ST-04-3,31.429565217391303,31.37414,76.66997,BLK-04,5.6,Critical,4.138,73.89,Semi-Critical,HIGH,True,True
2024-11-01,ST-04-3,33.16542056074766,31.37414,76.66997,BLK-04,5.6,Critical,4.186,74.75,Semi-Critical,HIGH,True,True
2024-12-01,ST-04-3,35.369454545454545,31.37414,76.66997,BLK-04,5.6,Critical,4.142,73.96,Semi-Critical,HIGH,True,True
2025-01-01,ST-04-3,37.563826086956524,31.37414,76.66997,BLK-04,5.6,Critical,4.117,73.52,Semi-Critical,HIGH,True,True
2025-02-01,ST-04-3,39.238558558558566,31.37414,76.66997,BLK-04,5.6,Critical,4.099,73.19,Semi-Critical,HIGH,True,True
2025-03-01,ST-04-3,40.0855,31.37414,76.66997,BLK-04,5.6,Critical,4.108,73.36,Semi-Critical,HIGH,True,True
2025-04-01,ST-04-3,39.94869565217392,31.37414,76.66997,BLK-04,5.6,Critical,4.129,73.73,Semi-Critical,HIGH,True,True
2025-05-01,ST-04-3,38.936173913043476,31.37414,76.66997,BLK-04,5.6,Critical,4.102,73.26,Semi-Critical,HIGH,True,True
2025-06-01,ST-04-3,37.438317757009344,31.37414,76.66997,BLK-04,5.6,Critical,4.123,73.62,Semi-Critical,HIGH,True,True
2025-07-01,ST-04-3,35.90611570247934,31.37414,76.66997,BLK-04,5.6,Critical,4.103,73.27,Semi-Critical,HIGH,True,True
2025-08-01,ST-04-3,34.87724137931034,31.37414,76.66997,BLK-04,5.6,Critical,4.12,73.57,Semi-Critical,HIGH,True,True
2025-09-01,ST-04-3,34.642522522522526,31.37414,76.66997,BLK-04,5.6,Critical,4.018,71.75,Semi-Critical,HIGH,True,True
2025-10-01,ST-04-3,35.55159663865547,31.37414,76.66997,BLK-04,5.6,Critical,4.122,73.61,Semi-Critical,HIGH,True,True
2025-11-01,ST-04-3,37.27426086956522,31.37414,76.66997,BLK-04,5.6,Critical,4.109,73.37,Semi-Critical,HIGH,True,True
2025-12-01,ST-04-3,39.45264957264957,31.37414,76.66997,BLK-04,5.6,Critical,4.083,72.91,Semi-Critical,HIGH,True,True
2026-01-01,ST-04-3,41.64407407407408,31.37414,76.66997,BLK-04,5.6,Critical,4.08,72.86,Semi-Critical,HIGH,True,True
2026-02-01,ST-04-3,43.322187500000005,31.37414,76.66997,BLK-04,5.6,Critical,4.084,72.92,Semi-Critical,HIGH,True,True
2026-03-01,ST-04-3,44.161393442622945,31.37414,76.66997,BLK-04,5.6,Critical,4.076,72.78,Semi-Critical,HIGH,True,True
2026-04-01,ST-04-3,44.04078947368421,31.37414,76.66997,BLK-04,5.6,Critical,4.092,73.07,Semi-Critical,HIGH,True,True
2026-05-01,ST-04-3,43.08973684210526,31.37414,76.66997,BLK-04,5.6,Critical,4.154,74.17,Semi-Critical,HIGH,True,True
2026-06-01,ST-04-3,41.50981981981982,31.37414,76.66997,BLK-04,5.6,Critical,4.072,72.71,Semi-Critical,HIGH,True,True
2023-01-01,ST-05-1,13.40279661016949,29.9777,75.26094,BLK-05,6.2,Semi-Critical,,,,HIGH,False,False
2023-02-01,ST-05-1,14.246285714285714,29.9777,75.26094,BLK-05,6.2,Semi-Critical,,,,HIGH,False,False
2023-03-01,ST-05-1,14.692649572649572,29.9777,75.26094,BLK-05,6.2,Semi-Critical,,,,HIGH,False,False
2023-04-01,ST-05-1,14.479375000000001,29.9777,75.26094,BLK-05,6.2,Semi-Critical,,,,HIGH,False,False
2023-05-01,ST-05-1,13.747333333333334,29.9777,75.26094,BLK-05,6.2,Semi-Critical,,,,HIGH,False,False
2023-06-01,ST-05-1,12.760849056603774,29.9777,75.26094,BLK-05,6.2,Semi-Critical,,,,HIGH,False,False
2023-07-01,ST-05-1,11.744210526315788,29.9777,75.26094,BLK-05,6.2,Semi-Critical,,,,HIGH,False,False
2023-08-01,ST-05-1,11.068823529411764,29.9777,75.26094,BLK-05,6.2,Semi-Critical,,,,HIGH,False,False
2023-09-01,ST-05-1,10.815840707964602,29.9777,75.26094,BLK-05,6.2,Semi-Critical,,,,HIGH,False,False
2023-10-01,ST-05-1,11.199411764705882,29.9777,75.26094,BLK-05,6.2,Semi-Critical,,,,HIGH,False,False
2023-11-01,ST-05-1,12.138389830508475,29.9777,75.26094,BLK-05,6.2,Semi-Critical,,,,HIGH,False,False
2023-12-01,ST-05-1,13.331296296296296,29.9777,75.26094,BLK-05,6.2,Semi-Critical,,,,HIGH,False,False
2024-01-01,ST-05-1,14.521949152542373,29.9777,75.26094,BLK-05,6.2,Semi-Critical,1.119,18.05,Safe,HIGH,True,False
2024-02-01,ST-05-1,15.418818181818182,29.9777,75.26094,BLK-05,6.2,Semi-Critical,1.173,18.91,Safe,HIGH,True,False
2024-03-01,ST-05-1,15.843362068965517,29.9777,75.26094,BLK-05,6.2,Semi-Critical,1.151,18.56,Safe,HIGH,True,False
2024-04-01,ST-05-1,15.651071428571429,29.9777,75.26094,BLK-05,6.2,Semi-Critical,1.172,18.9,Safe,HIGH,True,False
2024-05-01,ST-05-1,14.886548672566372,29.9777,75.26094,BLK-05,6.2,Semi-Critical,1.139,18.37,Safe,HIGH,True,False
2024-06-01,ST-05-1,13.97362831858407,29.9777,75.26094,BLK-05,6.2,Semi-Critical,1.213,19.56,Safe,HIGH,True,False
2024-07-01,ST-05-1,12.960434782608695,29.9777,75.26094,BLK-05,6.2,Semi-Critical,1.216,19.62,Safe,HIGH,True,False
2024-08-01,ST-05-1,12.257280701754386,29.9777,75.26094,BLK-05,6.2,Semi-Critical,1.188,19.17,Safe,HIGH,True,False
2024-09-01,ST-05-1,12.032672413793103,29.9777,75.26094,BLK-05,6.2,Semi-Critical,1.217,19.63,Safe,HIGH,True,False
2024-10-01,ST-05-1,12.41201754385965,29.9777,75.26094,BLK-05,6.2,Semi-Critical,1.213,19.56,Safe,HIGH,True,False
2024-11-01,ST-05-1,13.316521739130435,29.9777,75.26094,BLK-05,6.2,Semi-Critical,1.178,19.0,Safe,HIGH,True,False
2024-12-01,ST-05-1,14.495217391304347,29.9777,75.26094,BLK-05,6.2,Semi-Critical,1.164,18.77,Safe,HIGH,True,False
2025-01-01,ST-05-1,15.713675213675213,29.9777,75.26094,BLK-05,6.2,Semi-Critical,1.192,19.22,Safe,HIGH,True,False
2025-02-01,ST-05-1,16.59632075471698,29.9777,75.26094,BLK-05,6.2,Semi-Critical,1.178,18.99,Safe,HIGH,True,False
2025-03-01,ST-05-1,17.003801652892562,29.9777,75.26094,BLK-05,6.2,Semi-Critical,1.16,18.72,Safe,HIGH,True,False
2025-04-01,ST-05-1,16.79660869565217,29.9777,75.26094,BLK-05,6.2,Semi-Critical,1.146,18.48,Safe,HIGH,True,False
2025-05-01,ST-05-1,16.052589285714287,29.9777,75.26094,BLK-05,6.2,Semi-Critical,1.166,18.81,Safe,HIGH,True,False
2025-06-01,ST-05-1,15.025789473684211,29.9777,75.26094,BLK-05,6.2,Semi-Critical,1.052,16.97,Safe,HIGH,True,False
2025-07-01,ST-05-1,14.012586206896552,29.9777,75.26094,BLK-05,6.2,Semi-Critical,1.052,16.97,Safe,HIGH,True,False
2025-08-01,ST-05-1,13.411583333333335,29.9777,75.26094,BLK-05,6.2,Semi-Critical,1.154,18.62,Safe,HIGH,True,False
2025-09-01,ST-05-1,13.209999999999999,29.9777,75.26094,BLK-05,6.2,Semi-Critical,1.177,18.99,Safe,HIGH,True,False
2025-10-01,ST-05-1,13.571794871794873,29.9777,75.26094,BLK-05,6.2,Semi-Critical,1.16,18.71,Safe,HIGH,True,False
2025-11-01,ST-05-1,14.44074074074074,29.9777,75.26094,BLK-05,6.2,Semi-Critical,1.124,18.13,Safe,HIGH,True,False
2025-12-01,ST-05-1,15.621785714285716,29.9777,75.26094,BLK-05,6.2,Semi-Critical,1.127,18.17,Safe,HIGH,True,False
2026-01-01,ST-05-1,16.860884955752212,29.9777,75.26094,BLK-05,6.2,Semi-Critical,1.147,18.5,Safe,HIGH,True,False
2026-02-01,ST-05-1,17.74970873786408,29.9777,75.26094,BLK-05,6.2,Semi-Critical,1.153,18.6,Safe,HIGH,True,False
2026-03-01,ST-05-1,18.16179487179487,29.9777,75.26094,BLK-05,6.2,Semi-Critical,1.158,18.68,Safe,HIGH,True,False
2026-04-01,ST-05-1,17.96818181818182,29.9777,75.26094,BLK-05,6.2,Semi-Critical,1.172,18.9,Safe,HIGH,True,False
2026-05-01,ST-05-1,17.25897435897436,29.9777,75.26094,BLK-05,6.2,Semi-Critical,1.206,19.46,Safe,HIGH,True,False
2026-06-01,ST-05-1,16.236944444444443,29.9777,75.26094,BLK-05,6.2,Semi-Critical,1.211,19.53,Safe,HIGH,True,False
2023-01-01,ST-05-2,13.772268907563026,30.09545,74.95344,BLK-05,6.2,Semi-Critical,,,,HIGH,False,False
2023-02-01,ST-05-2,15.053796296296296,30.09545,74.95344,BLK-05,6.2,Semi-Critical,,,,HIGH,False,False
2023-03-01,ST-05-2,15.64,30.09545,74.95344,BLK-05,6.2,Semi-Critical,,,,HIGH,False,False
2023-04-01,ST-05-2,15.4375,30.09545,74.95344,BLK-05,6.2,Semi-Critical,,,,HIGH,False,False
2023-05-01,ST-05-2,14.564869565217391,30.09545,74.95344,BLK-05,6.2,Semi-Critical,,,,HIGH,False,False
2023-06-01,ST-05-2,13.312803738317758,30.09545,74.95344,BLK-05,6.2,Semi-Critical,,,,HIGH,False,False
2023-07-01,ST-05-2,11.996454545454544,30.09545,74.95344,BLK-05,6.2,Semi-Critical,,,,HIGH,False,False
2023-08-01,ST-05-2,11.109406779661018,30.09545,74.95344,BLK-05,6.2,Semi-Critical,,,,HIGH,False,False
2023-09-01,ST-05-2,10.916315789473684,30.09545,74.95344,BLK-05,6.2,Semi-Critical,,,,HIGH,False,False
2023-10-01,ST-05-2,11.485126050420169,30.09545,74.95344,BLK-05,6.2,Semi-Critical,,,,HIGH,False,False
2023-11-01,ST-05-2,12.828691588785047,30.09545,74.95344,BLK-05,6.2,Semi-Critical,,,,HIGH,False,False
2023-12-01,ST-05-2,14.549137931034483,30.09545,74.95344,BLK-05,6.2,Semi-Critical,,,,HIGH,False,False
2024-01-01,ST-05-2,16.24137614678899,30.09545,74.95344,BLK-05,6.2,Semi-Critical,2.469,39.82,Safe,HIGH,True,False
2024-02-01,ST-05-2,17.53656862745098,30.09545,74.95344,BLK-05,6.2,Semi-Critical,2.483,40.04,Safe,HIGH,True,False
2024-03-01,ST-05-2,18.163728813559324,30.09545,74.95344,BLK-05,6.2,Semi-Critical,2.524,40.71,Safe,HIGH,True,False
2024-04-01,ST-05-2,18.001636363636365,30.09545,74.95344,BLK-05,6.2,Semi-Critical,2.564,41.36,Safe,HIGH,True,False
2024-05-01,ST-05-2,17.08886956521739,30.09545,74.95344,BLK-05,6.2,Semi-Critical,2.524,40.71,Safe,HIGH,True,False
2024-06-01,ST-05-2,15.79050847457627,30.09545,74.95344,BLK-05,6.2,Semi-Critical,2.478,39.96,Safe,HIGH,True,False
2024-07-01,ST-05-2,14.525765765765765,30.09545,74.95344,BLK-05,6.2,Semi-Critical,2.529,40.8,Safe,HIGH,True,False
2024-08-01,ST-05-2,13.635371900826447,30.09545,74.95344,BLK-05,6.2,Semi-Critical,2.526,40.74,Safe,HIGH,True,False
2024-09-01,ST-05-2,13.411284403669724,30.09545,74.95344,BLK-05,6.2,Semi-Critical,2.495,40.24,Safe,HIGH,True,False
2024-10-01,ST-05-2,14.01813559322034,30.09545,74.95344,BLK-05,6.2,Semi-Critical,2.533,40.85,Safe,HIGH,True,False
2024-11-01,ST-05-2,15.372211538461539,30.09545,74.95344,BLK-05,6.2,Semi-Critical,2.544,41.02,Safe,HIGH,True,False
2024-12-01,ST-05-2,17.088558558558557,30.09545,74.95344,BLK-05,6.2,Semi-Critical,2.539,40.96,Safe,HIGH,True,False
2025-01-01,ST-05-2,18.785046728971963,30.09545,74.95344,BLK-05,6.2,Semi-Critical,2.544,41.03,Safe,HIGH,True,False
2025-02-01,ST-05-2,20.07237623762376,30.09545,74.95344,BLK-05,6.2,Semi-Critical,2.536,40.9,Safe,HIGH,True,False
2025-03-01,ST-05-2,20.675798319327733,30.09545,74.95344,BLK-05,6.2,Semi-Critical,2.512,40.52,Safe,HIGH,True,False
2025-04-01,ST-05-2,20.467699115044248,30.09545,74.95344,BLK-05,6.2,Semi-Critical,2.466,39.78,Safe,HIGH,True,False
2025-05-01,ST-05-2,19.592131147540986,30.09545,74.95344,BLK-05,6.2,Semi-Critical,2.503,40.38,Safe,HIGH,True,False
2025-06-01,ST-05-2,18.342660550458714,30.09545,74.95344,BLK-05,6.2,Semi-Critical,2.552,41.16,Safe,HIGH,True,False
2025-07-01,ST-05-2,17.017,30.09545,74.95344,BLK-05,6.2,Semi-Critical,2.491,40.18,Safe,HIGH,True,False
2025-08-01,ST-05-2,16.154789915966386,30.09545,74.95344,BLK-05,6.2,Semi-Critical,2.519,40.64,Safe,HIGH,True,False
2025-09-01,ST-05-2,15.958157894736843,30.09545,74.95344,BLK-05,6.2,Semi-Critical,2.547,41.08,Safe,HIGH,True,False
2025-10-01,ST-05-2,16.505652173913045,30.09545,74.95344,BLK-05,6.2,Semi-Critical,2.488,40.12,Safe,HIGH,True,False
2025-11-01,ST-05-2,17.91217391304348,30.09545,74.95344,BLK-05,6.2,Semi-Critical,2.54,40.97,Safe,HIGH,True,False
2025-12-01,ST-05-2,19.573214285714283,30.09545,74.95344,BLK-05,6.2,Semi-Critical,2.485,40.08,Safe,HIGH,True,False
2026-01-01,ST-05-2,21.310545454545455,30.09545,74.95344,BLK-05,6.2,Semi-Critical,2.525,40.73,Safe,HIGH,True,False
2026-02-01,ST-05-2,22.556470588235296,30.09545,74.95344,BLK-05,6.2,Semi-Critical,2.484,40.07,Safe,HIGH,True,False
2026-03-01,ST-05-2,23.223130434782608,30.09545,74.95344,BLK-05,6.2,Semi-Critical,2.547,41.09,Safe,HIGH,True,False
2026-04-01,ST-05-2,22.97948717948718,30.09545,74.95344,BLK-05,6.2,Semi-Critical,2.512,40.51,Safe,HIGH,True,False
2026-05-01,ST-05-2,22.12206896551724,30.09545,74.95344,BLK-05,6.2,Semi-Critical,2.53,40.81,Safe,HIGH,True,False
2026-06-01,ST-05-2,20.832962962962963,30.09545,74.95344,BLK-05,6.2,Semi-Critical,2.49,40.17,Safe,HIGH,True,False
2023-01-01,ST-05-3,15.713728813559323,30.24057,75.25062,BLK-05,6.2,Semi-Critical,,,,HIGH,False,False
2023-02-01,ST-05-3,17.081826923076925,30.24057,75.25062,BLK-05,6.2,Semi-Critical,,,,HIGH,False,False
2023-03-01,ST-05-3,17.73033333333333,30.24057,75.25062,BLK-05,6.2,Semi-Critical,,,,HIGH,False,False
2023-04-01,ST-05-3,17.486068376068374,30.24057,75.25062,BLK-05,6.2,Semi-Critical,,,,HIGH,False,False
2023-05-01,ST-05-3,16.309310344827587,30.24057,75.25062,BLK-05,6.2,Semi-Critical,,,,HIGH,False,False
2023-06-01,ST-05-3,14.735181818181816,30.24057,75.25062,BLK-05,6.2,Semi-Critical,,,,HIGH,False,False
2023-07-01,ST-05-3,13.20595041322314,30.24057,75.25062,BLK-05,6.2,Semi-Critical,,,,HIGH,False,False
2023-08-01,ST-05-3,12.120775862068966,30.24057,75.25062,BLK-05,6.2,Semi-Critical,,,,HIGH,False,False
2023-09-01,ST-05-3,11.746608695652172,30.24057,75.25062,BLK-05,6.2,Semi-Critical,,,,HIGH,False,False
2023-10-01,ST-05-3,12.43672268907563,30.24057,75.25062,BLK-05,6.2,Semi-Critical,,,,HIGH,False,False
2023-11-01,ST-05-3,13.805405405405406,30.24057,75.25062,BLK-05,6.2,Semi-Critical,,,,HIGH,False,False
2023-12-01,ST-05-3,15.7,30.24057,75.25062,BLK-05,6.2,Semi-Critical,,,,HIGH,False,False
2024-01-01,ST-05-3,17.576396396396397,30.24057,75.25062,BLK-05,6.2,Semi-Critical,1.863,30.04,Safe,HIGH,True,False
2024-02-01,ST-05-3,19.085675675675677,30.24057,75.25062,BLK-05,6.2,Semi-Critical,2.004,32.32,Safe,HIGH,True,False
2024-03-01,ST-05-3,19.712413793103448,30.24057,75.25062,BLK-05,6.2,Semi-Critical,1.982,31.97,Safe,HIGH,True,False
2024-04-01,ST-05-3,19.347327586206895,30.24057,75.25062,BLK-05,6.2,Semi-Critical,1.861,30.02,Safe,HIGH,True,False
2024-05-01,ST-05-3,18.283055555555556,30.24057,75.25062,BLK-05,6.2,Semi-Critical,1.974,31.83,Safe,HIGH,True,False
2024-06-01,ST-05-3,16.66061946902655,30.24057,75.25062,BLK-05,6.2,Semi-Critical,1.925,31.06,Safe,HIGH,True,False
2024-07-01,ST-05-3,15.121271186440678,30.24057,75.25062,BLK-05,6.2,Semi-Critical,1.915,30.89,Safe,HIGH,True,False
2024-08-01,ST-05-3,14.028695652173912,30.24057,75.25062,BLK-05,6.2,Semi-Critical,1.908,30.77,Safe,HIGH,True,False
2024-09-01,ST-05-3,13.728608695652174,30.24057,75.25062,BLK-05,6.2,Semi-Critical,1.982,31.97,Safe,HIGH,True,False
2024-10-01,ST-05-3,14.3575,30.24057,75.25062,BLK-05,6.2,Semi-Critical,1.921,30.98,Safe,HIGH,True,False
2024-11-01,ST-05-3,15.793333333333335,30.24057,75.25062,BLK-05,6.2,Semi-Critical,1.988,32.06,Safe,HIGH,True,False
2024-12-01,ST-05-3,17.696218487394958,30.24057,75.25062,BLK-05,6.2,Semi-Critical,1.996,32.2,Safe,HIGH,True,False
2025-01-01,ST-05-3,19.52738317757009,30.24057,75.25062,BLK-05,6.2,Semi-Critical,1.951,31.47,Safe,HIGH,True,False
2025-02-01,ST-05-3,20.970769230769232,30.24057,75.25062,BLK-05,6.2,Semi-Critical,1.885,30.4,Safe,HIGH,True,False
2025-03-01,ST-05-3,21.58706896551724,30.24057,75.25062,BLK-05,6.2,Semi-Critical,1.875,30.24,Safe,HIGH,True,False
2025-04-01,ST-05-3,21.302767857142857,30.24057,75.25062,BLK-05,6.2,Semi-Critical,1.955,31.54,Safe,HIGH,True,False
2025-05-01,ST-05-3,20.205128205128204,30.24057,75.25062,BLK-05,6.2,Semi-Critical,1.922,31.0,Safe,HIGH,True,False
2025-06-01,ST-05-3,18.66190476190476,30.24057,75.25062,BLK-05,6.2,Semi-Critical,2.001,32.28,Safe,HIGH,True,False
2025-07-01,ST-05-3,17.11025641025641,30.24057,75.25062,BLK-05,6.2,Semi-Critical,1.989,32.08,Safe,HIGH,True,False
2025-08-01,ST-05-3,15.919017857142858,30.24057,75.25062,BLK-05,6.2,Semi-Critical,1.89,30.49,Safe,HIGH,True,False
2025-09-01,ST-05-3,15.627280701754385,30.24057,75.25062,BLK-05,6.2,Semi-Critical,1.899,30.62,Safe,HIGH,True,False
2025-10-01,ST-05-3,16.25036036036036,30.24057,75.25062,BLK-05,6.2,Semi-Critical,1.893,30.53,Safe,HIGH,True,False
2025-11-01,ST-05-3,17.670181818181817,30.24057,75.25062,BLK-05,6.2,Semi-Critical,1.877,30.27,Safe,HIGH,True,False
2025-12-01,ST-05-3,19.61880733944954,30.24057,75.25062,BLK-05,6.2,Semi-Critical,1.923,31.01,Safe,HIGH,True,False
2026-01-01,ST-05-3,21.505454545454544,30.24057,75.25062,BLK-05,6.2,Semi-Critical,1.978,31.9,Safe,HIGH,True,False
2026-02-01,ST-05-3,22.87018867924528,30.24057,75.25062,BLK-05,6.2,Semi-Critical,1.899,30.64,Safe,HIGH,True,False
2026-03-01,ST-05-3,23.564453781512604,30.24057,75.25062,BLK-05,6.2,Semi-Critical,1.977,31.89,Safe,HIGH,True,False
2026-04-01,ST-05-3,23.24344827586207,30.24057,75.25062,BLK-05,6.2,Semi-Critical,1.941,31.3,Safe,HIGH,True,False
2026-05-01,ST-05-3,22.123333333333335,30.24057,75.25062,BLK-05,6.2,Semi-Critical,1.918,30.94,Safe,HIGH,True,False
2026-06-01,ST-05-3,20.55991304347826,30.24057,75.25062,BLK-05,6.2,Semi-Critical,1.898,30.61,Safe,HIGH,True,False
2023-01-01,ST-06-1,22.740347826086957,30.65746,74.81658,BLK-06,6.8,Semi-Critical,,,,HIGH,False,False
2023-02-01,ST-06-1,23.857075471698113,30.65746,74.81658,BLK-06,6.8,Semi-Critical,,,,HIGH,False,False
2023-03-01,ST-06-1,24.374741379310343,30.65746,74.81658,BLK-06,6.8,Semi-Critical,,,,HIGH,False,False
2023-04-01,ST-06-1,24.102946428571432,30.65746,74.81658,BLK-06,6.8,Semi-Critical,,,,HIGH,False,False
2023-05-01,ST-06-1,23.0414406779661,30.65746,74.81658,BLK-06,6.8,Semi-Critical,,,,HIGH,False,False
2023-06-01,ST-06-1,21.675897435897436,30.65746,74.81658,BLK-06,6.8,Semi-Critical,,,,HIGH,False,False
2023-07-01,ST-06-1,20.29212962962963,30.65746,74.81658,BLK-06,6.8,Semi-Critical,,,,HIGH,False,False
2023-08-01,ST-06-1,19.296446280991734,30.65746,74.81658,BLK-06,6.8,Semi-Critical,,,,HIGH,False,False
2023-09-01,ST-06-1,18.985932203389833,30.65746,74.81658,BLK-06,6.8,Semi-Critical,,,,HIGH,False,False
2023-10-01,ST-06-1,19.43,30.65746,74.81658,BLK-06,6.8,Semi-Critical,,,,HIGH,False,False
2023-11-01,ST-06-1,20.678807339449538,30.65746,74.81658,BLK-06,6.8,Semi-Critical,,,,HIGH,False,False
2023-12-01,ST-06-1,22.23165217391304,30.65746,74.81658,BLK-06,6.8,Semi-Critical,,,,HIGH,False,False
2024-01-01,ST-06-1,23.818852459016394,30.65746,74.81658,BLK-06,6.8,Semi-Critical,1.079,15.86,Safe,HIGH,True,False
2024-02-01,ST-06-1,24.905370370370374,30.65746,74.81658,BLK-06,6.8,Semi-Critical,1.048,15.42,Safe,HIGH,True,False
2024-03-01,ST-06-1,25.4463963963964,30.65746,74.81658,BLK-06,6.8,Semi-Critical,1.072,15.76,Safe,HIGH,True,False
2024-04-01,ST-06-1,25.143482142857145,30.65746,74.81658,BLK-06,6.8,Semi-Critical,1.041,15.3,Safe,HIGH,True,False
2024-05-01,ST-06-1,24.211071428571426,30.65746,74.81658,BLK-06,6.8,Semi-Critical,1.17,17.2,Safe,HIGH,True,False
2024-06-01,ST-06-1,22.77881818181818,30.65746,74.81658,BLK-06,6.8,Semi-Critical,1.103,16.22,Safe,HIGH,True,False
2024-07-01,ST-06-1,21.341166666666666,30.65746,74.81658,BLK-06,6.8,Semi-Critical,1.049,15.43,Safe,HIGH,True,False
2024-08-01,ST-06-1,20.30784482758621,30.65746,74.81658,BLK-06,6.8,Semi-Critical,1.011,14.87,Safe,HIGH,True,False
2024-09-01,ST-06-1,20.02117117117117,30.65746,74.81658,BLK-06,6.8,Semi-Critical,1.035,15.22,Safe,HIGH,True,False
2024-10-01,ST-06-1,20.497881355932204,30.65746,74.81658,BLK-06,6.8,Semi-Critical,1.068,15.7,Safe,HIGH,True,False
2024-11-01,ST-06-1,21.73076923076923,30.65746,74.81658,BLK-06,6.8,Semi-Critical,1.052,15.47,Safe,HIGH,True,False
2024-12-01,ST-06-1,23.236545454545453,30.65746,74.81658,BLK-06,6.8,Semi-Critical,1.005,14.78,Safe,HIGH,True,False
2025-01-01,ST-06-1,24.88771186440678,30.65746,74.81658,BLK-06,6.8,Semi-Critical,1.069,15.72,Safe,HIGH,True,False
2025-02-01,ST-06-1,26.048857142857145,30.65746,74.81658,BLK-06,6.8,Semi-Critical,1.143,16.82,Safe,HIGH,True,False
2025-03-01,ST-06-1,26.5017094017094,30.65746,74.81658,BLK-06,6.8,Semi-Critical,1.055,15.52,Safe,HIGH,True,False
2025-04-01,ST-06-1,26.28198275862069,30.65746,74.81658,BLK-06,6.8,Semi-Critical,1.139,16.74,Safe,HIGH,True,False
2025-05-01,ST-06-1,25.22808695652174,30.65746,74.81658,BLK-06,6.8,Semi-Critical,1.017,14.96,Safe,HIGH,True,False
2025-06-01,ST-06-1,23.877407407407404,30.65746,74.81658,BLK-06,6.8,Semi-Critical,1.099,16.16,Safe,HIGH,True,False
2025-07-01,ST-06-1,22.463852459016394,30.65746,74.81658,BLK-06,6.8,Semi-Critical,1.123,16.51,Safe,HIGH,True,False
2025-08-01,ST-06-1,21.426036036036034,30.65746,74.81658,BLK-06,6.8,Semi-Critical,1.118,16.44,Safe,HIGH,True,False
2025-09-01,ST-06-1,21.058608695652172,30.65746,74.81658,BLK-06,6.8,Semi-Critical,1.037,15.26,Safe,HIGH,True,False
2025-10-01,ST-06-1,21.566206896551723,30.65746,74.81658,BLK-06,6.8,Semi-Critical,1.068,15.71,Safe,HIGH,True,False
2025-11-01,ST-06-1,22.721111111111114,30.65746,74.81658,BLK-06,6.8,Semi-Critical,0.99,14.56,Safe,HIGH,True,False
2025-12-01,ST-06-1,24.421754385964913,30.65746,74.81658,BLK-06,6.8,Semi-Critical,1.185,17.43,Safe,HIGH,True,False
2026-01-01,ST-06-1,25.93162162162162,30.65746,74.81658,BLK-06,6.8,Semi-Critical,1.044,15.35,Safe,HIGH,True,False
2026-02-01,ST-06-1,27.105247524752475,30.65746,74.81658,BLK-06,6.8,Semi-Critical,1.056,15.54,Safe,HIGH,True,False
2026-03-01,ST-06-1,27.625982142857143,30.65746,74.81658,BLK-06,6.8,Semi-Critical,1.124,16.53,Safe,HIGH,True,False
2026-04-01,ST-06-1,27.31791304347826,30.65746,74.81658,BLK-06,6.8,Semi-Critical,1.036,15.23,Safe,HIGH,True,False
2026-05-01,ST-06-1,26.35026086956522,30.65746,74.81658,BLK-06,6.8,Semi-Critical,1.122,16.5,Safe,HIGH,True,False
2026-06-01,ST-06-1,24.847203389830508,30.65746,74.81658,BLK-06,6.8,Semi-Critical,0.97,14.26,Safe,HIGH,True,False
2023-01-01,ST-06-2,17.638305084745763,30.46851,74.84158,BLK-06,6.8,Semi-Critical,,,,HIGH,False,False
2023-02-01,ST-06-2,18.90566037735849,30.46851,74.84158,BLK-06,6.8,Semi-Critical,,,,HIGH,False,False
2023-03-01,ST-06-2,19.524297520661158,30.46851,74.84158,BLK-06,6.8,Semi-Critical,,,,HIGH,False,False
2023-04-01,ST-06-2,19.327383177570095,30.46851,74.84158,BLK-06,6.8,Semi-Critical,,,,HIGH,False,False
2023-05-01,ST-06-2,18.437350427350427,30.46851,74.84158,BLK-06,6.8,Semi-Critical,,,,HIGH,False,False
2023-06-01,ST-06-2,17.061858407079647,30.46851,74.84158,BLK-06,6.8,Semi-Critical,,,,HIGH,False,False
2023-07-01,ST-06-2,15.848434782608695,30.46851,74.84158,BLK-06,6.8,Semi-Critical,,,,HIGH,False,False
2023-08-01,ST-06-2,14.830341880341882,30.46851,74.84158,BLK-06,6.8,Semi-Critical,,,,HIGH,False,False
2023-09-01,ST-06-2,14.708879310344829,30.46851,74.84158,BLK-06,6.8,Semi-Critical,,,,HIGH,False,False
2023-10-01,ST-06-2,15.306694915254237,30.46851,74.84158,BLK-06,6.8,Semi-Critical,,,,HIGH,False,False
2023-11-01,ST-06-2,16.619137931034484,30.46851,74.84158,BLK-06,6.8,Semi-Critical,,,,HIGH,False,False
2023-12-01,ST-06-2,18.297672413793105,30.46851,74.84158,BLK-06,6.8,Semi-Critical,,,,HIGH,False,False
2024-01-01,ST-06-2,19.991176470588233,30.46851,74.84158,BLK-06,6.8,Semi-Critical,2.353,34.6,Safe,HIGH,True,False
2024-02-01,ST-06-2,21.31847619047619,30.46851,74.84158,BLK-06,6.8,Semi-Critical,2.413,35.48,Safe,HIGH,True,False
2024-03-01,ST-06-2,21.962881355932204,30.46851,74.84158,BLK-06,6.8,Semi-Critical,2.439,35.86,Safe,HIGH,True,False
2024-04-01,ST-06-2,21.760086206896553,30.46851,74.84158,BLK-06,6.8,Semi-Critical,2.433,35.78,Safe,HIGH,True,False
2024-05-01,ST-06-2,20.87747899159664,30.46851,74.84158,BLK-06,6.8,Semi-Critical,2.44,35.88,Safe,HIGH,True,False
2024-06-01,ST-06-2,19.515263157894736,30.46851,74.84158,BLK-06,6.8,Semi-Critical,2.453,36.08,Safe,HIGH,True,False
2024-07-01,ST-06-2,18.213873873873872,30.46851,74.84158,BLK-06,6.8,Semi-Critical,2.365,34.79,Safe,HIGH,True,False
2024-08-01,ST-06-2,17.24219298245614,30.46851,74.84158,BLK-06,6.8,Semi-Critical,2.412,35.47,Safe,HIGH,True,False
2024-09-01,ST-06-2,17.084774774774775,30.46851,74.84158,BLK-06,6.8,Semi-Critical,2.376,34.94,Safe,HIGH,True,False
2024-10-01,ST-06-2,17.586806722689076,30.46851,74.84158,BLK-06,6.8,Semi-Critical,2.28,33.53,Safe,HIGH,True,False
2024-11-01,ST-06-2,18.96357142857143,30.46851,74.84158,BLK-06,6.8,Semi-Critical,2.344,34.48,Safe,HIGH,True,False
2024-12-01,ST-06-2,20.752991452991452,30.46851,74.84158,BLK-06,6.8,Semi-Critical,2.455,36.11,Safe,HIGH,True,False
2025-01-01,ST-06-2,22.411525423728815,30.46851,74.84158,BLK-06,6.8,Semi-Critical,2.42,35.59,Safe,HIGH,True,False
2025-02-01,ST-06-2,23.701284403669725,30.46851,74.84158,BLK-06,6.8,Semi-Critical,2.383,35.04,Safe,HIGH,True,False
2025-03-01,ST-06-2,24.25817391304348,30.46851,74.84158,BLK-06,6.8,Semi-Critical,2.295,33.75,Safe,HIGH,True,False
2025-04-01,ST-06-2,24.089913043478262,30.46851,74.84158,BLK-06,6.8,Semi-Critical,2.33,34.26,Safe,HIGH,True,False
2025-05-01,ST-06-2,23.158655462184875,30.46851,74.84158,BLK-06,6.8,Semi-Critical,2.281,33.55,Safe,HIGH,True,False
2025-06-01,ST-06-2,21.854285714285712,30.46851,74.84158,BLK-06,6.8,Semi-Critical,2.339,34.4,Safe,HIGH,True,False
2025-07-01,ST-06-2,20.559732142857143,30.46851,74.84158,BLK-06,6.8,Semi-Critical,2.346,34.5,Safe,HIGH,True,False
2025-08-01,ST-06-2,19.691525423728812,30.46851,74.84158,BLK-06,6.8,Semi-Critical,2.449,36.02,Safe,HIGH,True,False
2025-09-01,ST-06-2,19.42017391304348,30.46851,74.84158,BLK-06,6.8,Semi-Critical,2.335,34.34,Safe,HIGH,True,False
2025-10-01,ST-06-2,20.096837606837607,30.46851,74.84158,BLK-06,6.8,Semi-Critical,2.51,36.91,Safe,HIGH,True,False
2025-11-01,ST-06-2,21.357719298245616,30.46851,74.84158,BLK-06,6.8,Semi-Critical,2.394,35.21,Safe,HIGH,True,False
2025-12-01,ST-06-2,23.043418803418803,30.46851,74.84158,BLK-06,6.8,Semi-Critical,2.29,33.68,Safe,HIGH,True,False
2026-01-01,ST-06-2,24.803166666666666,30.46851,74.84158,BLK-06,6.8,Semi-Critical,2.392,35.17,Safe,HIGH,True,False
2026-02-01,ST-06-2,26.066224489795918,30.46851,74.84158,BLK-06,6.8,Semi-Critical,2.365,34.78,Safe,HIGH,True,False
2026-03-01,ST-06-2,26.65142857142857,30.46851,74.84158,BLK-06,6.8,Semi-Critical,2.393,35.19,Safe,HIGH,True,False
2026-04-01,ST-06-2,26.462543859649124,30.46851,74.84158,BLK-06,6.8,Semi-Critical,2.373,34.89,Safe,HIGH,True,False
2026-05-01,ST-06-2,25.55206611570248,30.46851,74.84158,BLK-06,6.8,Semi-Critical,2.393,35.2,Safe,HIGH,True,False
2026-06-01,ST-06-2,24.272272727272725,30.46851,74.84158,BLK-06,6.8,Semi-Critical,2.418,35.56,Safe,HIGH,True,False
2023-01-01,ST-06-3,20.209243697478993,30.64621,74.73568,BLK-06,6.8,Semi-Critical,,,,HIGH,False,False
2023-02-01,ST-06-3,21.45422018348624,30.64621,74.73568,BLK-06,6.8,Semi-Critical,,,,HIGH,False,False
2023-03-01,ST-06-3,21.971810344827585,30.64621,74.73568,BLK-06,6.8,Semi-Critical,,,,HIGH,False,False
2023-04-01,ST-06-3,21.654561403508772,30.64621,74.73568,BLK-06,6.8,Semi-Critical,,,,HIGH,False,False
2023-05-01,ST-06-3,20.604122807017543,30.64621,74.73568,BLK-06,6.8,Semi-Critical,,,,HIGH,False,False
2023-06-01,ST-06-3,19.075877192982457,30.64621,74.73568,BLK-06,6.8,Semi-Critical,,,,HIGH,False,False
2023-07-01,ST-06-3,17.63954128440367,30.64621,74.73568,BLK-06,6.8,Semi-Critical,,,,HIGH,False,False
2023-08-01,ST-06-3,16.54118181818182,30.64621,74.73568,BLK-06,6.8,Semi-Critical,,,,HIGH,False,False
2023-09-01,ST-06-3,16.23640350877193,30.64621,74.73568,BLK-06,6.8,Semi-Critical,,,,HIGH,False,False
2023-10-01,ST-06-3,16.76466101694915,30.64621,74.73568,BLK-06,6.8,Semi-Critical,,,,HIGH,False,False
2023-11-01,ST-06-3,18.014134615384616,30.64621,74.73568,BLK-06,6.8,Semi-Critical,,,,HIGH,False,False
2023-12-01,ST-06-3,19.730458715596328,30.64621,74.73568,BLK-06,6.8,Semi-Critical,,,,HIGH,False,False
2024-01-01,ST-06-3,21.43702479338843,30.64621,74.73568,BLK-06,6.8,Semi-Critical,1.228,18.06,Safe,HIGH,True,False
2024-02-01,ST-06-3,22.638080808080808,30.64621,74.73568,BLK-06,6.8,Semi-Critical,1.184,17.41,Safe,HIGH,True,False
2024-03-01,ST-06-3,23.17042735042735,30.64621,74.73568,BLK-06,6.8,Semi-Critical,1.199,17.63,Safe,HIGH,True,False
2024-04-01,ST-06-3,22.873217391304348,30.64621,74.73568,BLK-06,6.8,Semi-Critical,1.219,17.92,Safe,HIGH,True,False
2024-05-01,ST-06-3,21.822727272727274,30.64621,74.73568,BLK-06,6.8,Semi-Critical,1.219,17.92,Safe,HIGH,True,False
2024-06-01,ST-06-3,20.329142857142855,30.64621,74.73568,BLK-06,6.8,Semi-Critical,1.253,18.43,Safe,HIGH,True,False
2024-07-01,ST-06-3,18.81981651376147,30.64621,74.73568,BLK-06,6.8,Semi-Critical,1.18,17.36,Safe,HIGH,True,False
2024-08-01,ST-06-3,17.785169491525423,30.64621,74.73568,BLK-06,6.8,Semi-Critical,1.244,18.29,Safe,HIGH,True,False
2024-09-01,ST-06-3,17.42763157894737,30.64621,74.73568,BLK-06,6.8,Semi-Critical,1.191,17.52,Safe,HIGH,True,False
2024-10-01,ST-06-3,17.990423728813557,30.64621,74.73568,BLK-06,6.8,Semi-Critical,1.226,18.03,Safe,HIGH,True,False
2024-11-01,ST-06-3,19.23690909090909,30.64621,74.73568,BLK-06,6.8,Semi-Critical,1.223,17.98,Safe,HIGH,True,False
2024-12-01,ST-06-3,20.929583333333333,30.64621,74.73568,BLK-06,6.8,Semi-Critical,1.199,17.63,Safe,HIGH,True,False
2025-01-01,ST-06-3,22.584054054054054,30.64621,74.73568,BLK-06,6.8,Semi-Critical,1.147,16.87,Safe,HIGH,True,False
2025-02-01,ST-06-3,23.85851063829787,30.64621,74.73568,BLK-06,6.8,Semi-Critical,1.22,17.95,Safe,HIGH,True,False
2025-03-01,ST-06-3,24.413728813559324,30.64621,74.73568,BLK-06,6.8,Semi-Critical,1.243,18.28,Safe,HIGH,True,False
2025-04-01,ST-06-3,24.060090090090092,30.64621,74.73568,BLK-06,6.8,Semi-Critical,1.187,17.45,Safe,HIGH,True,False
2025-05-01,ST-06-3,23.00890756302521,30.64621,74.73568,BLK-06,6.8,Semi-Critical,1.186,17.44,Safe,HIGH,True,False
2025-06-01,ST-06-3,21.51017543859649,30.64621,74.73568,BLK-06,6.8,Semi-Critical,1.181,17.37,Safe,HIGH,True,False
2025-07-01,ST-06-3,20.02316666666667,30.64621,74.73568,BLK-06,6.8,Semi-Critical,1.203,17.7,Safe,HIGH,True,False
2025-08-01,ST-06-3,18.979736842105265,30.64621,74.73568,BLK-06,6.8,Semi-Critical,1.195,17.57,Safe,HIGH,True,False
2025-09-01,ST-06-3,18.677685185185187,30.64621,74.73568,BLK-06,6.8,Semi-Critical,1.25,18.38,Safe,HIGH,True,False
2025-10-01,ST-06-3,19.164285714285715,30.64621,74.73568,BLK-06,6.8,Semi-Critical,1.174,17.26,Safe,HIGH,True,False
2025-11-01,ST-06-3,20.423925233644862,30.64621,74.73568,BLK-06,6.8,Semi-Critical,1.187,17.46,Safe,HIGH,True,False
2025-12-01,ST-06-3,22.116752136752137,30.64621,74.73568,BLK-06,6.8,Semi-Critical,1.187,17.46,Safe,HIGH,True,False
2026-01-01,ST-06-3,23.830932203389832,30.64621,74.73568,BLK-06,6.8,Semi-Critical,1.247,18.34,Safe,HIGH,True,False
2026-02-01,ST-06-3,25.059468085106385,30.64621,74.73568,BLK-06,6.8,Semi-Critical,1.201,17.66,Safe,HIGH,True,False
2026-03-01,ST-06-3,25.575084745762712,30.64621,74.73568,BLK-06,6.8,Semi-Critical,1.161,17.08,Safe,HIGH,True,False
2026-04-01,ST-06-3,25.254434782608698,30.64621,74.73568,BLK-06,6.8,Semi-Critical,1.194,17.56,Safe,HIGH,True,False
2026-05-01,ST-06-3,24.210434782608694,30.64621,74.73568,BLK-06,6.8,Semi-Critical,1.202,17.67,Safe,HIGH,True,False
2026-06-01,ST-06-3,22.724017094017093,30.64621,74.73568,BLK-06,6.8,Semi-Critical,1.214,17.85,Safe,HIGH,True,False
2023-01-01,ST-07-1,6.987416666666666,31.7208,75.88178,BLK-07,7.5,Safe,,,,HIGH,False,False
2023-02-01,ST-07-1,7.721634615384615,31.7208,75.88178,BLK-07,7.5,Safe,,,,HIGH,False,False
2023-03-01,ST-07-1,7.987,31.7208,75.88178,BLK-07,7.5,Safe,,,,HIGH,False,False
2023-04-01,ST-07-1,7.664818181818182,31.7208,75.88178,BLK-07,7.5,Safe,,,,HIGH,False,False
2023-05-01,ST-07-1,6.902966101694915,31.7208,75.88178,BLK-07,7.5,Safe,,,,HIGH,False,False
2023-06-01,ST-07-1,5.9349549549549545,31.7208,75.88178,BLK-07,7.5,Safe,,,,HIGH,False,False
2023-07-01,ST-07-1,4.84972972972973,31.7208,75.88178,BLK-07,7.5,Safe,,,,HIGH,False,False
2023-08-01,ST-07-1,4.070916666666666,31.7208,75.88178,BLK-07,7.5,Safe,,,,HIGH,False,False
2023-09-01,ST-07-1,3.779396551724138,31.7208,75.88178,BLK-07,7.5,Safe,,,,HIGH,False,False
2023-10-01,ST-07-1,4.015245901639345,31.7208,75.88178,BLK-07,7.5,Safe,,,,HIGH,False,False
2023-11-01,ST-07-1,4.814864864864865,31.7208,75.88178,BLK-07,7.5,Safe,,,,HIGH,False,False
2023-12-01,ST-07-1,5.808717948717948,31.7208,75.88178,BLK-07,7.5,Safe,,,,HIGH,False,False
2024-01-01,ST-07-1,6.867142857142857,31.7208,75.88178,BLK-07,7.5,Safe,-0.12,-1.6,Safe,HIGH,False,False
2024-02-01,ST-07-1,7.574727272727273,31.7208,75.88178,BLK-07,7.5,Safe,-0.147,-1.96,Safe,HIGH,False,False
2024-03-01,ST-07-1,7.876153846153846,31.7208,75.88178,BLK-07,7.5,Safe,-0.111,-1.48,Safe,HIGH,False,False
2024-04-01,ST-07-1,7.569137931034483,31.7208,75.88178,BLK-07,7.5,Safe,-0.096,-1.28,Safe,HIGH,False,False
2024-05-01,ST-07-1,6.787786885245902,31.7208,75.88178,BLK-07,7.5,Safe,-0.115,-1.54,Safe,HIGH,False,False
2024-06-01,ST-07-1,5.768807339449541,31.7208,75.88178,BLK-07,7.5,Safe,-0.166,-2.22,Safe,HIGH,False,False
2024-07-01,ST-07-1,4.75,31.7208,75.88178,BLK-07,7.5,Safe,-0.1,-1.33,Safe,HIGH,False,False
2024-08-01,ST-07-1,3.977909090909091,31.7208,75.88178,BLK-07,7.5,Safe,-0.093,-1.24,Safe,HIGH,False,False
2024-09-01,ST-07-1,3.6910714285714286,31.7208,75.88178,BLK-07,7.5,Safe,-0.088,-1.18,Safe,HIGH,False,False
2024-10-01,ST-07-1,3.914833333333333,31.7208,75.88178,BLK-07,7.5,Safe,-0.1,-1.34,Safe,HIGH,False,False
2024-11-01,ST-07-1,4.667982456140351,31.7208,75.88178,BLK-07,7.5,Safe,-0.147,-1.96,Safe,HIGH,False,False
2024-12-01,ST-07-1,5.712173913043478,31.7208,75.88178,BLK-07,7.5,Safe,-0.097,-1.29,Safe,HIGH,False,False
2025-01-01,ST-07-1,6.766782608695652,31.7208,75.88178,BLK-07,7.5,Safe,-0.1,-1.34,Safe,HIGH,False,False
2025-02-01,ST-07-1,7.522710280373832,31.7208,75.88178,BLK-07,7.5,Safe,-0.052,-0.69,Safe,HIGH,False,False
2025-03-01,ST-07-1,7.791965811965811,31.7208,75.88178,BLK-07,7.5,Safe,-0.084,-1.12,Safe,HIGH,False,False
2025-04-01,ST-07-1,7.468521739130435,31.7208,75.88178,BLK-07,7.5,Safe,-0.101,-1.34,Safe,HIGH,False,False
2025-05-01,ST-07-1,6.729565217391304,31.7208,75.88178,BLK-07,7.5,Safe,-0.058,-0.78,Safe,HIGH,False,False
2025-06-01,ST-07-1,5.68196261682243,31.7208,75.88178,BLK-07,7.5,Safe,-0.087,-1.16,Safe,HIGH,False,False
2025-07-01,ST-07-1,4.626666666666667,31.7208,75.88178,BLK-07,7.5,Safe,-0.123,-1.64,Safe,HIGH,False,False
2025-08-01,ST-07-1,3.8517355371900828,31.7208,75.88178,BLK-07,7.5,Safe,-0.126,-1.68,Safe,HIGH,False,False
2025-09-01,ST-07-1,3.5683035714285714,31.7208,75.88178,BLK-07,7.5,Safe,-0.123,-1.64,Safe,HIGH,False,False
2025-10-01,ST-07-1,3.8531666666666666,31.7208,75.88178,BLK-07,7.5,Safe,-0.062,-0.82,Safe,HIGH,False,False
2025-11-01,ST-07-1,4.573805309734514,31.7208,75.88178,BLK-07,7.5,Safe,-0.094,-1.26,Safe,HIGH,False,False
2025-12-01,ST-07-1,5.619508196721312,31.7208,75.88178,BLK-07,7.5,Safe,-0.093,-1.24,Safe,HIGH,False,False
2026-01-01,ST-07-1,6.649557522123893,31.7208,75.88178,BLK-07,7.5,Safe,-0.117,-1.56,Safe,HIGH,False,False
2026-02-01,ST-07-1,7.400377358490567,31.7208,75.88178,BLK-07,7.5,Safe,-0.122,-1.63,Safe,HIGH,False,False
2026-03-01,ST-07-1,7.680169491525423,31.7208,75.88178,BLK-07,7.5,Safe,-0.112,-1.49,Safe,HIGH,False,False
2026-04-01,ST-07-1,7.4148623853211015,31.7208,75.88178,BLK-07,7.5,Safe,-0.054,-0.72,Safe,HIGH,False,False
2026-05-01,ST-07-1,6.628119658119658,31.7208,75.88178,BLK-07,7.5,Safe,-0.101,-1.35,Safe,HIGH,False,False
2026-06-01,ST-07-1,5.601467889908256,31.7208,75.88178,BLK-07,7.5,Safe,-0.08,-1.07,Safe,HIGH,False,False
2023-01-01,ST-07-2,9.803658536585365,31.85745,76.18723,BLK-07,7.5,Safe,,,,HIGH,False,False
2023-02-01,ST-07-2,10.533396226415094,31.85745,76.18723,BLK-07,7.5,Safe,,,,HIGH,False,False
2023-03-01,ST-07-2,10.837457627118644,31.85745,76.18723,BLK-07,7.5,Safe,,,,HIGH,False,False
2023-04-01,ST-07-2,10.605221238938054,31.85745,76.18723,BLK-07,7.5,Safe,,,,HIGH,False,False
2023-05-01,ST-07-2,9.979561403508773,31.85745,76.18723,BLK-07,7.5,Safe,,,,HIGH,False,False
2023-06-01,ST-07-2,9.21080357142857,31.85745,76.18723,BLK-07,7.5,Safe,,,,HIGH,False,False
2023-07-01,ST-07-2,8.358347826086957,31.85745,76.18723,BLK-07,7.5,Safe,,,,HIGH,False,False
2023-08-01,ST-07-2,7.6780508474576274,31.85745,76.18723,BLK-07,7.5,Safe,,,,HIGH,False,False
2023-09-01,ST-07-2,7.459910714285714,31.85745,76.18723,BLK-07,7.5,Safe,,,,HIGH,False,False
2023-10-01,ST-07-2,7.74635593220339,31.85745,76.18723,BLK-07,7.5,Safe,,,,HIGH,False,False
2023-11-01,ST-07-2,8.468434782608696,31.85745,76.18723,BLK-07,7.5,Safe,,,,HIGH,False,False
2023-12-01,ST-07-2,9.373620689655171,31.85745,76.18723,BLK-07,7.5,Safe,,,,HIGH,False,False
2024-01-01,ST-07-2,10.327787610619469,31.85745,76.18723,BLK-07,7.5,Safe,0.524,6.99,Safe,HIGH,False,False
2024-02-01,ST-07-2,11.066964285714286,31.85745,76.18723,BLK-07,7.5,Safe,0.534,7.11,Safe,HIGH,False,False
2024-03-01,ST-07-2,11.34593220338983,31.85745,76.18723,BLK-07,7.5,Safe,0.508,6.78,Safe,HIGH,False,False
2024-04-01,ST-07-2,11.145263157894737,31.85745,76.18723,BLK-07,7.5,Safe,0.54,7.2,Safe,HIGH,False,False
2024-05-01,ST-07-2,10.569487179487181,31.85745,76.18723,BLK-07,7.5,Safe,0.59,7.87,Safe,HIGH,False,False
2024-06-01,ST-07-2,9.691636363636363,31.85745,76.18723,BLK-07,7.5,Safe,0.481,6.41,Safe,HIGH,False,False
2024-07-01,ST-07-2,8.830526315789474,31.85745,76.18723,BLK-07,7.5,Safe,0.472,6.3,Safe,HIGH,False,False
2024-08-01,ST-07-2,8.200333333333333,31.85745,76.18723,BLK-07,7.5,Safe,0.522,6.96,Safe,HIGH,False,False
2024-09-01,ST-07-2,7.972212389380531,31.85745,76.18723,BLK-07,7.5,Safe,0.512,6.83,Safe,HIGH,False,False
2024-10-01,ST-07-2,8.312377049180329,31.85745,76.18723,BLK-07,7.5,Safe,0.566,7.55,Safe,HIGH,False,False
2024-11-01,ST-07-2,9.018347826086956,31.85745,76.18723,BLK-07,7.5,Safe,0.55,7.33,Safe,HIGH,False,False
2024-12-01,ST-07-2,10.009391304347826,31.85745,76.18723,BLK-07,7.5,Safe,0.636,8.48,Safe,HIGH,False,False
2025-01-01,ST-07-2,10.844424778761063,31.85745,76.18723,BLK-07,7.5,Safe,0.517,6.89,Safe,HIGH,False,False
2025-02-01,ST-07-2,11.590825688073396,31.85745,76.18723,BLK-07,7.5,Safe,0.524,6.98,Safe,HIGH,False,False
2025-03-01,ST-07-2,11.874491525423728,31.85745,76.18723,BLK-07,7.5,Safe,0.529,7.05,Safe,HIGH,False,False
2025-04-01,ST-07-2,11.702307692307693,31.85745,76.18723,BLK-07,7.5,Safe,0.557,7.43,Safe,HIGH,False,False
2025-05-01,ST-07-2,11.049830508474578,31.85745,76.18723,BLK-07,7.5,Safe,0.48,6.4,Safe,HIGH,False,False
2025-06-01,ST-07-2,10.220087719298245,31.85745,76.18723,BLK-07,7.5,Safe,0.528,7.05,Safe,HIGH,False,False
2025-07-01,ST-07-2,9.406923076923078,31.85745,76.18723,BLK-07,7.5,Safe,0.576,7.69,Safe,HIGH,False,False
2025-08-01,ST-07-2,8.748888888888889,31.85745,76.18723,BLK-07,7.5,Safe,0.549,7.31,Safe,HIGH,False,False
2025-09-01,ST-07-2,8.591818181818182,31.85745,76.18723,BLK-07,7.5,Safe,0.62,8.26,Safe,HIGH,False,False
2025-10-01,ST-07-2,8.877372881355932,31.85745,76.18723,BLK-07,7.5,Safe,0.565,7.53,Safe,HIGH,False,False
2025-11-01,ST-07-2,9.608495575221239,31.85745,76.18723,BLK-07,7.5,Safe,0.59,7.87,Safe,HIGH,False,False
2025-12-01,ST-07-2,10.466018518518517,31.85745,76.18723,BLK-07,7.5,Safe,0.457,6.09,Safe,HIGH,False,False
2026-01-01,ST-07-2,11.446120689655173,31.85745,76.18723,BLK-07,7.5,Safe,0.602,8.02,Safe,HIGH,False,False
2026-02-01,ST-07-2,12.122745098039216,31.85745,76.18723,BLK-07,7.5,Safe,0.532,7.09,Safe,HIGH,False,False
2026-03-01,ST-07-2,12.411810344827586,31.85745,76.18723,BLK-07,7.5,Safe,0.537,7.16,Safe,HIGH,False,False
2026-04-01,ST-07-2,12.234741379310345,31.85745,76.18723,BLK-07,7.5,Safe,0.532,7.1,Safe,HIGH,False,False
2026-05-01,ST-07-2,11.602586206896552,31.85745,76.18723,BLK-07,7.5,Safe,0.553,7.37,Safe,HIGH,False,False
2026-06-01,ST-07-2,10.749910714285715,31.85745,76.18723,BLK-07,7.5,Safe,0.53,7.06,Safe,HIGH,False,False
2023-01-01,ST-07-3,12.731487603305785,31.91508,76.04028,BLK-07,7.5,Safe,,,,HIGH,False,False
2023-02-01,ST-07-3,13.963773584905661,31.91508,76.04028,BLK-07,7.5,Safe,,,,HIGH,False,False
2023-03-01,ST-07-3,14.477565217391305,31.91508,76.04028,BLK-07,7.5,Safe,,,,HIGH,False,False
2023-04-01,ST-07-3,14.0475,31.91508,76.04028,BLK-07,7.5,Safe,,,,HIGH,False,False
2023-05-01,ST-07-3,12.866638655462184,31.91508,76.04028,BLK-07,7.5,Safe,,,,HIGH,False,False
2023-06-01,ST-07-3,11.270782608695653,31.91508,76.04028,BLK-07,7.5,Safe,,,,HIGH,False,False
2023-07-01,ST-07-3,9.644913793103449,31.91508,76.04028,BLK-07,7.5,Safe,,,,HIGH,False,False
2023-08-01,ST-07-3,8.515585585585585,31.91508,76.04028,BLK-07,7.5,Safe,,,,HIGH,False,False
2023-09-01,ST-07-3,8.125855855855857,31.91508,76.04028,BLK-07,7.5,Safe,,,,HIGH,False,False
2023-10-01,ST-07-3,8.514666666666667,31.91508,76.04028,BLK-07,7.5,Safe,,,,HIGH,False,False
2023-11-01,ST-07-3,9.72408695652174,31.91508,76.04028,BLK-07,7.5,Safe,,,,HIGH,False,False
2023-12-01,ST-07-3,11.389285714285714,31.91508,76.04028,BLK-07,7.5,Safe,,,,HIGH,False,False
2024-01-01,ST-07-3,13.033361344537814,31.91508,76.04028,BLK-07,7.5,Safe,0.302,4.02,Safe,HIGH,False,False
2024-02-01,ST-07-3,14.217685185185186,31.91508,76.04028,BLK-07,7.5,Safe,0.254,3.39,Safe,HIGH,False,False
2024-03-01,ST-07-3,14.661344537815127,31.91508,76.04028,BLK-07,7.5,Safe,0.184,2.45,Safe,HIGH,False,False
2024-04-01,ST-07-3,14.31017391304348,31.91508,76.04028,BLK-07,7.5,Safe,0.263,3.5,Safe,HIGH,False,False
2024-05-01,ST-07-3,13.104583333333332,31.91508,76.04028,BLK-07,7.5,Safe,0.238,3.17,Safe,HIGH,False,False
2024-06-01,ST-07-3,11.551400000000001,31.91508,76.04028,BLK-07,7.5,Safe,0.281,3.74,Safe,HIGH,False,False
2024-07-01,ST-07-3,9.935583333333334,31.91508,76.04028,BLK-07,7.5,Safe,0.291,3.88,Safe,HIGH,False,False
2024-08-01,ST-07-3,8.764710743801652,31.91508,76.04028,BLK-07,7.5,Safe,0.249,3.32,Safe,HIGH,False,False
2024-09-01,ST-07-3,8.347256637168142,31.91508,76.04028,BLK-07,7.5,Safe,0.221,2.95,Safe,HIGH,False,False
2024-10-01,ST-07-3,8.813859649122806,31.91508,76.04028,BLK-07,7.5,Safe,0.299,3.99,Safe,HIGH,False,False
2024-11-01,ST-07-3,9.974035087719297,31.91508,76.04028,BLK-07,7.5,Safe,0.25,3.33,Safe,HIGH,False,False
2024-12-01,ST-07-3,11.616363636363635,31.91508,76.04028,BLK-07,7.5,Safe,0.227,3.03,Safe,HIGH,False,False
2025-01-01,ST-07-3,13.321206896551724,31.91508,76.04028,BLK-07,7.5,Safe,0.288,3.84,Safe,HIGH,False,False
2025-02-01,ST-07-3,14.465588235294117,31.91508,76.04028,BLK-07,7.5,Safe,0.248,3.31,Safe,HIGH,False,False
2025-03-01,ST-07-3,14.968803418803418,31.91508,76.04028,BLK-07,7.5,Safe,0.307,4.1,Safe,HIGH,False,False
2025-04-01,ST-07-3,14.539391304347825,31.91508,76.04028,BLK-07,7.5,Safe,0.229,3.06,Safe,HIGH,False,False
2025-05-01,ST-07-3,13.370550458715597,31.91508,76.04028,BLK-07,7.5,Safe,0.266,3.55,Safe,HIGH,False,False
2025-06-01,ST-07-3,11.757130434782608,31.91508,76.04028,BLK-07,7.5,Safe,0.206,2.74,Safe,HIGH,False,False
2025-07-01,ST-07-3,10.242037037037038,31.91508,76.04028,BLK-07,7.5,Safe,0.306,4.09,Safe,HIGH,False,False
2025-08-01,ST-07-3,8.975537190082644,31.91508,76.04028,BLK-07,7.5,Safe,0.211,2.81,Safe,HIGH,False,False
2025-09-01,ST-07-3,8.562882882882883,31.91508,76.04028,BLK-07,7.5,Safe,0.216,2.88,Safe,HIGH,False,False
2025-10-01,ST-07-3,9.053361344537814,31.91508,76.04028,BLK-07,7.5,Safe,0.24,3.19,Safe,HIGH,False,False
2025-11-01,ST-07-3,10.272636363636364,31.91508,76.04028,BLK-07,7.5,Safe,0.299,3.98,Safe,HIGH,False,False
2025-12-01,ST-07-3,11.89882882882883,31.91508,76.04028,BLK-07,7.5,Safe,0.282,3.77,Safe,HIGH,False,False
2026-01-01,ST-07-3,13.567672413793103,31.91508,76.04028,BLK-07,7.5,Safe,0.246,3.29,Safe,HIGH,False,False
2026-02-01,ST-07-3,14.81311320754717,31.91508,76.04028,BLK-07,7.5,Safe,0.348,4.63,Safe,HIGH,False,False
2026-03-01,ST-07-3,15.224434782608695,31.91508,76.04028,BLK-07,7.5,Safe,0.256,3.41,Safe,HIGH,False,False
2026-04-01,ST-07-3,14.847410714285715,31.91508,76.04028,BLK-07,7.5,Safe,0.308,4.11,Safe,HIGH,False,False
2026-05-01,ST-07-3,13.699827586206897,31.91508,76.04028,BLK-07,7.5,Safe,0.329,4.39,Safe,HIGH,False,False
2026-06-01,ST-07-3,12.01940594059406,31.91508,76.04028,BLK-07,7.5,Safe,0.262,3.5,Safe,HIGH,False,False
2023-01-01,ST-08-1,27.768898305084747,30.39022,75.74768,BLK-08,4.5,Critical,,,,HIGH,False,False
2023-02-01,ST-08-1,29.3680412371134,30.39022,75.74768,BLK-08,4.5,Critical,,,,HIGH,False,False
2023-03-01,ST-08-1,30.157304347826088,30.39022,75.74768,BLK-08,4.5,Critical,,,,HIGH,False,False
2023-04-01,ST-08-1,29.956724137931033,30.39022,75.74768,BLK-08,4.5,Critical,,,,HIGH,False,False
2023-05-01,ST-08-1,28.94869158878505,30.39022,75.74768,BLK-08,4.5,Critical,,,,HIGH,False,False
2023-06-01,ST-08-1,27.463076923076922,30.39022,75.74768,BLK-08,4.5,Critical,,,,HIGH,False,False
2023-07-01,ST-08-1,25.918648648648645,30.39022,75.74768,BLK-08,4.5,Critical,,,,HIGH,False,False
2023-08-01,ST-08-1,24.958660714285713,30.39022,75.74768,BLK-08,4.5,Critical,,,,HIGH,False,False
2023-09-01,ST-08-1,24.743873873873877,30.39022,75.74768,BLK-08,4.5,Critical,,,,HIGH,False,False
2023-10-01,ST-08-1,25.51925,30.39022,75.74768,BLK-08,4.5,Critical,,,,HIGH,False,False
2023-11-01,ST-08-1,27.178807339449538,30.39022,75.74768,BLK-08,4.5,Critical,,,,HIGH,False,False
2023-12-01,ST-08-1,29.27,30.39022,75.74768,BLK-08,4.5,Critical,,,,HIGH,False,False
2024-01-01,ST-08-1,31.39728971962617,30.39022,75.74768,BLK-08,4.5,Critical,3.628,80.63,Semi-Critical,HIGH,True,True
2024-02-01,ST-08-1,33.06677083333333,30.39022,75.74768,BLK-08,4.5,Critical,3.699,82.19,Semi-Critical,HIGH,True,True
2024-03-01,ST-08-1,33.79435897435898,30.39022,75.74768,BLK-08,4.5,Critical,3.637,80.82,Semi-Critical,HIGH,True,True
2024-04-01,ST-08-1,33.60191304347826,30.39022,75.74768,BLK-08,4.5,Critical,3.645,81.0,Semi-Critical,HIGH,True,True
2024-05-01,ST-08-1,32.62318584070797,30.39022,75.74768,BLK-08,4.5,Critical,3.674,81.66,Semi-Critical,HIGH,True,True
2024-06-01,ST-08-1,31.099708737864077,30.39022,75.74768,BLK-08,4.5,Critical,3.637,80.81,Semi-Critical,HIGH,True,True
2024-07-01,ST-08-1,29.60336448598131,30.39022,75.74768,BLK-08,4.5,Critical,3.685,81.88,Semi-Critical,HIGH,True,True
2024-08-01,ST-08-1,28.575267857142855,30.39022,75.74768,BLK-08,4.5,Critical,3.617,80.37,Semi-Critical,HIGH,True,True
2024-09-01,ST-08-1,28.43398305084746,30.39022,75.74768,BLK-08,4.5,Critical,3.69,82.0,Semi-Critical,HIGH,True,True
2024-10-01,ST-08-1,29.17495652173913,30.39022,75.74768,BLK-08,4.5,Critical,3.656,81.24,Semi-Critical,HIGH,True,True
2024-11-01,ST-08-1,30.810093457943925,30.39022,75.74768,BLK-08,4.5,Critical,3.631,80.7,Semi-Critical,HIGH,True,True
2024-12-01,ST-08-1,32.94598130841122,30.39022,75.74768,BLK-08,4.5,Critical,3.676,81.69,Semi-Critical,HIGH,True,True
2025-01-01,ST-08-1,35.06025862068965,30.39022,75.74768,BLK-08,4.5,Critical,3.663,81.4,Semi-Critical,HIGH,True,True
2025-02-01,ST-08-1,36.609065420560746,30.39022,75.74768,BLK-08,4.5,Critical,3.542,78.72,Semi-Critical,HIGH,True,True
2025-03-01,ST-08-1,37.403083333333335,30.39022,75.74768,BLK-08,4.5,Critical,3.609,80.19,Semi-Critical,HIGH,True,True
2025-04-01,ST-08-1,37.22612068965517,30.39022,75.74768,BLK-08,4.5,Critical,3.624,80.54,Semi-Critical,HIGH,True,True
2025-05-01,ST-08-1,36.17865546218488,30.39022,75.74768,BLK-08,4.5,Critical,3.555,79.01,Semi-Critical,HIGH,True,True
2025-06-01,ST-08-1,34.720093457943925,30.39022,75.74768,BLK-08,4.5,Critical,3.62,80.45,Semi-Critical,HIGH,True,True
2025-07-01,ST-08-1,33.24125,30.39022,75.74768,BLK-08,4.5,Critical,3.638,80.84,Semi-Critical,HIGH,True,True
2025-08-01,ST-08-1,32.152432432432434,30.39022,75.74768,BLK-08,4.5,Critical,3.577,79.49,Semi-Critical,HIGH,True,True
2025-09-01,ST-08-1,32.051150442477876,30.39022,75.74768,BLK-08,4.5,Critical,3.617,80.38,Semi-Critical,HIGH,True,True
2025-10-01,ST-08-1,32.83364406779661,30.39022,75.74768,BLK-08,4.5,Critical,3.659,81.3,Semi-Critical,HIGH,True,True
2025-11-01,ST-08-1,34.4219298245614,30.39022,75.74768,BLK-08,4.5,Critical,3.612,80.26,Semi-Critical,HIGH,True,True
2025-12-01,ST-08-1,36.56283333333333,30.39022,75.74768,BLK-08,4.5,Critical,3.617,80.37,Semi-Critical,HIGH,True,True
2026-01-01,ST-08-1,38.607166666666664,30.39022,75.74768,BLK-08,4.5,Critical,3.547,78.82,Semi-Critical,HIGH,True,True
2026-02-01,ST-08-1,40.27336734693878,30.39022,75.74768,BLK-08,4.5,Critical,3.664,81.43,Semi-Critical,HIGH,True,True
2026-03-01,ST-08-1,41.054958677685946,30.39022,75.74768,BLK-08,4.5,Critical,3.652,81.15,Semi-Critical,HIGH,True,True
2026-04-01,ST-08-1,40.87428571428571,30.39022,75.74768,BLK-08,4.5,Critical,3.648,81.07,Semi-Critical,HIGH,True,True
2026-05-01,ST-08-1,39.84611570247934,30.39022,75.74768,BLK-08,4.5,Critical,3.667,81.5,Semi-Critical,HIGH,True,True
2026-06-01,ST-08-1,38.36586538461539,30.39022,75.74768,BLK-08,4.5,Critical,3.646,81.02,Semi-Critical,HIGH,True,True
2023-01-01,ST-08-2,24.96931623931624,30.31797,75.88758,BLK-08,4.5,Critical,,,,HIGH,False,False
2023-02-01,ST-08-2,26.706435643564355,30.31797,75.88758,BLK-08,4.5,Critical,,,,HIGH,False,False
2023-03-01,ST-08-2,27.483305084745766,30.31797,75.88758,BLK-08,4.5,Critical,,,,HIGH,False,False
2023-04-01,ST-08-2,27.26456140350877,30.31797,75.88758,BLK-08,4.5,Critical,,,,HIGH,False,False
2023-05-01,ST-08-2,26.086146788990824,30.31797,75.88758,BLK-08,4.5,Critical,,,,HIGH,False,False
2023-06-01,ST-08-2,24.407807017543856,30.31797,75.88758,BLK-08,4.5,Critical,,,,HIGH,False,False
2023-07-01,ST-08-2,22.73392857142857,30.31797,75.88758,BLK-08,4.5,Critical,,,,HIGH,False,False
2023-08-01,ST-08-2,21.53638655462185,30.31797,75.88758,BLK-08,4.5,Critical,,,,HIGH,False,False
2023-09-01,ST-08-2,21.299478260869567,30.31797,75.88758,BLK-08,4.5,Critical,,,,HIGH,False,False
2023-10-01,ST-08-2,22.149561403508773,30.31797,75.88758,BLK-08,4.5,Critical,,,,HIGH,False,False
2023-11-01,ST-08-2,23.833809523809524,30.31797,75.88758,BLK-08,4.5,Critical,,,,HIGH,False,False
2023-12-01,ST-08-2,26.057333333333332,30.31797,75.88758,BLK-08,4.5,Critical,,,,HIGH,False,False
2024-01-01,ST-08-2,28.270000000000003,30.31797,75.88758,BLK-08,4.5,Critical,3.301,73.35,Semi-Critical,HIGH,True,True
2024-02-01,ST-08-2,29.980776699029125,30.31797,75.88758,BLK-08,4.5,Critical,3.274,72.76,Semi-Critical,HIGH,True,True
2024-03-01,ST-08-2,30.783157894736846,30.31797,75.88758,BLK-08,4.5,Critical,3.3,73.33,Semi-Critical,HIGH,True,True
2024-04-01,ST-08-2,30.521441441441443,30.31797,75.88758,BLK-08,4.5,Critical,3.257,72.38,Semi-Critical,HIGH,True,True
2024-05-01,ST-08-2,29.34,30.31797,75.88758,BLK-08,4.5,Critical,3.254,72.31,Semi-Critical,HIGH,True,True
2024-06-01,ST-08-2,27.69877192982456,30.31797,75.88758,BLK-08,4.5,Critical,3.291,73.13,Semi-Critical,HIGH,True,True
2024-07-01,ST-08-2,26.01811965811966,30.31797,75.88758,BLK-08,4.5,Critical,3.284,72.98,Semi-Critical,HIGH,True,True
2024-08-01,ST-08-2,24.850169491525424,30.31797,75.88758,BLK-08,4.5,Critical,3.314,73.64,Semi-Critical,HIGH,True,True
2024-09-01,ST-08-2,24.64284482758621,30.31797,75.88758,BLK-08,4.5,Critical,3.343,74.3,Semi-Critical,HIGH,True,True
2024-10-01,ST-08-2,25.418907563025208,30.31797,75.88758,BLK-08,4.5,Critical,3.269,72.65,Semi-Critical,HIGH,True,True
2024-11-01,ST-08-2,27.130404040404038,30.31797,75.88758,BLK-08,4.5,Critical,3.297,73.26,Semi-Critical,HIGH,True,True
2024-12-01,ST-08-2,29.314690265486725,30.31797,75.88758,BLK-08,4.5,Critical,3.257,72.39,Semi-Critical,HIGH,True,True
2025-01-01,ST-08-2,31.63137614678899,30.31797,75.88758,BLK-08,4.5,Critical,3.361,74.7,Semi-Critical,HIGH,True,True
2025-02-01,ST-08-2,33.26081632653061,30.31797,75.88758,BLK-08,4.5,Critical,3.28,72.89,Semi-Critical,HIGH,True,True
2025-03-01,ST-08-2,34.0735294117647,30.31797,75.88758,BLK-08,4.5,Critical,3.29,73.12,Semi-Critical,HIGH,True,True
2025-04-01,ST-08-2,33.822649572649574,30.31797,75.88758,BLK-08,4.5,Critical,3.301,73.36,Semi-Critical,HIGH,True,True
2025-05-01,ST-08-2,32.69752380952381,30.31797,75.88758,BLK-08,4.5,Critical,3.358,74.61,Semi-Critical,HIGH,True,True
2025-06-01,ST-08-2,30.98185185185185,30.31797,75.88758,BLK-08,4.5,Critical,3.283,72.96,Semi-Critical,HIGH,True,True
2025-07-01,ST-08-2,29.343949579831932,30.31797,75.88758,BLK-08,4.5,Critical,3.326,73.91,Semi-Critical,HIGH,True,True
2025-08-01,ST-08-2,28.164017857142856,30.31797,75.88758,BLK-08,4.5,Critical,3.314,73.64,Semi-Critical,HIGH,True,True
2025-09-01,ST-08-2,27.888706896551724,30.31797,75.88758,BLK-08,4.5,Critical,3.246,72.13,Semi-Critical,HIGH,True,True
2025-10-01,ST-08-2,28.737241379310344,30.31797,75.88758,BLK-08,4.5,Critical,3.318,73.74,Semi-Critical,HIGH,True,True
2025-11-01,ST-08-2,30.39713043478261,30.31797,75.88758,BLK-08,4.5,Critical,3.267,72.59,Semi-Critical,HIGH,True,True
2025-12-01,ST-08-2,32.63613445378151,30.31797,75.88758,BLK-08,4.5,Critical,3.321,73.81,Semi-Critical,HIGH,True,True
2026-01-01,ST-08-2,34.849137931034484,30.31797,75.88758,BLK-08,4.5,Critical,3.218,71.51,Semi-Critical,HIGH,True,True
2026-02-01,ST-08-2,36.581588785046726,30.31797,75.88758,BLK-08,4.5,Critical,3.321,73.79,Semi-Critical,HIGH,True,True
2026-03-01,ST-08-2,37.309916666666666,30.31797,75.88758,BLK-08,4.5,Critical,3.236,71.92,Semi-Critical,HIGH,True,True
2026-04-01,ST-08-2,37.098660714285714,30.31797,75.88758,BLK-08,4.5,Critical,3.276,72.8,Semi-Critical,HIGH,True,True
2026-05-01,ST-08-2,35.94064220183486,30.31797,75.88758,BLK-08,4.5,Critical,3.243,72.07,Semi-Critical,HIGH,True,True
2026-06-01,ST-08-2,34.29380952380952,30.31797,75.88758,BLK-08,4.5,Critical,3.312,73.6,Semi-Critical,HIGH,True,True
2023-01-01,ST-08-3,21.25,30.11091,75.80236,BLK-08,4.5,Critical,,,,HIGH,False,False
2023-02-01,ST-08-3,22.82340425531915,30.11091,75.80236,BLK-08,4.5,Critical,,,,HIGH,False,False
2023-03-01,ST-08-3,23.507297297297296,30.11091,75.80236,BLK-08,4.5,Critical,,,,HIGH,False,False
2023-04-01,ST-08-3,23.291441441441442,30.11091,75.80236,BLK-08,4.5,Critical,,,,HIGH,False,False
2023-05-01,ST-08-3,22.1261320754717,30.11091,75.80236,BLK-08,4.5,Critical,,,,HIGH,False,False
2023-06-01,ST-08-3,20.466728971962617,30.11091,75.80236,BLK-08,4.5,Critical,,,,HIGH,False,False
2023-07-01,ST-08-3,18.81509090909091,30.11091,75.80236,BLK-08,4.5,Critical,,,,HIGH,False,False
2023-08-01,ST-08-3,17.63718181818182,30.11091,75.80236,BLK-08,4.5,Critical,,,,HIGH,False,False
2023-09-01,ST-08-3,17.366315789473685,30.11091,75.80236,BLK-08,4.5,Critical,,,,HIGH,False,False
2023-10-01,ST-08-3,18.05858407079646,30.11091,75.80236,BLK-08,4.5,Critical,,,,HIGH,False,False
2023-11-01,ST-08-3,19.698981481481482,30.11091,75.80236,BLK-08,4.5,Critical,,,,HIGH,False,False
2023-12-01,ST-08-3,21.836146788990824,30.11091,75.80236,BLK-08,4.5,Critical,,,,HIGH,False,False
2024-01-01,ST-08-3,23.948620689655172,30.11091,75.80236,BLK-08,4.5,Critical,2.699,59.97,Safe,HIGH,True,False
2024-02-01,ST-08-3,25.572499999999998,30.11091,75.80236,BLK-08,4.5,Critical,2.749,61.09,Safe,HIGH,True,False
2024-03-01,ST-08-3,26.33079646017699,30.11091,75.80236,BLK-08,4.5,Critical,2.823,62.74,Safe,HIGH,True,False
2024-04-01,ST-08-3,26.046837606837606,30.11091,75.80236,BLK-08,4.5,Critical,2.755,61.23,Safe,HIGH,True,False
2024-05-01,ST-08-3,24.867876106194693,30.11091,75.80236,BLK-08,4.5,Critical,2.742,60.93,Safe,HIGH,True,False
2024-06-01,ST-08-3,23.178807339449538,30.11091,75.80236,BLK-08,4.5,Critical,2.712,60.27,Safe,HIGH,True,False
2024-07-01,ST-08-3,21.536160714285717,30.11091,75.80236,BLK-08,4.5,Critical,2.721,60.47,Safe,HIGH,True,False
2024-08-01,ST-08-3,20.385749999999998,30.11091,75.80236,BLK-08,4.5,Critical,2.749,61.08,Safe,HIGH,True,False
2024-09-01,ST-08-3,20.104473684210525,30.11091,75.80236,BLK-08,4.5,Critical,2.738,60.85,Safe,HIGH,True,False
2024-10-01,ST-08-3,20.80593220338983,30.11091,75.80236,BLK-08,4.5,Critical,2.747,61.05,Safe,HIGH,True,False
2024-11-01,ST-08-3,22.446972477064218,30.11091,75.80236,BLK-08,4.5,Critical,2.748,61.07,Safe,HIGH,True,False
2024-12-01,ST-08-3,24.569636363636363,30.11091,75.80236,BLK-08,4.5,Critical,2.733,60.74,Safe,HIGH,True,False
2025-01-01,ST-08-3,26.699238095238098,30.11091,75.80236,BLK-08,4.5,Critical,2.751,61.12,Safe,HIGH,True,False
2025-02-01,ST-08-3,28.28720430107527,30.11091,75.80236,BLK-08,4.5,Critical,2.715,60.33,Safe,HIGH,True,False
2025-03-01,ST-08-3,29.01991452991453,30.11091,75.80236,BLK-08,4.5,Critical,2.689,59.76,Safe,HIGH,True,False
2025-04-01,ST-08-3,28.730357142857144,30.11091,75.80236,BLK-08,4.5,Critical,2.684,59.63,Safe,HIGH,True,False
2025-05-01,ST-08-3,27.61827272727273,30.11091,75.80236,BLK-08,4.5,Critical,2.75,61.12,Safe,HIGH,True,False
2025-06-01,ST-08-3,25.930982142857143,30.11091,75.80236,BLK-08,4.5,Critical,2.752,61.16,Safe,HIGH,True,False
2025-07-01,ST-08-3,24.260091743119265,30.11091,75.80236,BLK-08,4.5,Critical,2.724,60.53,Safe,HIGH,True,False
2025-08-01,ST-08-3,23.118655462184872,30.11091,75.80236,BLK-08,4.5,Critical,2.733,60.73,Safe,HIGH,True,False
2025-09-01,ST-08-3,22.855213675213676,30.11091,75.80236,BLK-08,4.5,Critical,2.751,61.13,Safe,HIGH,True,False
2025-10-01,ST-08-3,23.600677966101696,30.11091,75.80236,BLK-08,4.5,Critical,2.795,62.11,Safe,HIGH,True,False
2025-11-01,ST-08-3,25.19,30.11091,75.80236,BLK-08,4.5,Critical,2.743,60.96,Safe,HIGH,True,False
2025-12-01,ST-08-3,27.329252336448597,30.11091,75.80236,BLK-08,4.5,Critical,2.76,61.32,Safe,HIGH,True,False
2026-01-01,ST-08-3,29.419090909090908,30.11091,75.80236,BLK-08,4.5,Critical,2.72,60.44,Safe,HIGH,True,False
2026-02-01,ST-08-3,31.028602150537633,30.11091,75.80236,BLK-08,4.5,Critical,2.741,60.92,Safe,HIGH,True,False
2026-03-01,ST-08-3,31.718803418803418,30.11091,75.80236,BLK-08,4.5,Critical,2.699,59.98,Safe,HIGH,True,False
2026-04-01,ST-08-3,31.495486725663714,30.11091,75.80236,BLK-08,4.5,Critical,2.765,61.45,Safe,HIGH,True,False
2026-05-01,ST-08-3,30.353271028037383,30.11091,75.80236,BLK-08,4.5,Critical,2.735,60.78,Safe,HIGH,True,False
2026-06-01,ST-08-3,28.639019607843135,30.11091,75.80236,BLK-08,4.5,Critical,2.708,60.18,Safe,HIGH,True,False
2023-01-01,ST-09-1,14.079576271186442,31.63092,75.30595,BLK-09,8.0,Safe,,,,HIGH,False,False
2023-02-01,ST-09-1,15.255098039215687,31.63092,75.30595,BLK-09,8.0,Safe,,,,HIGH,False,False
2023-03-01,ST-09-1,15.698524590163935,31.63092,75.30595,BLK-09,8.0,Safe,,,,HIGH,False,False
2023-04-01,ST-09-1,15.208151260504202,31.63092,75.30595,BLK-09,8.0,Safe,,,,HIGH,False,False
2023-05-01,ST-09-1,13.91392857142857,31.63092,75.30595,BLK-09,8.0,Safe,,,,HIGH,False,False
2023-06-01,ST-09-1,12.16851851851852,31.63092,75.30595,BLK-09,8.0,Safe,,,,HIGH,False,False
2023-07-01,ST-09-1,10.380737704918033,31.63092,75.30595,BLK-09,8.0,Safe,,,,HIGH,False,False
2023-08-01,ST-09-1,9.015471698113208,31.63092,75.30595,BLK-09,8.0,Safe,,,,HIGH,False,False
2023-09-01,ST-09-1,8.532844827586207,31.63092,75.30595,BLK-09,8.0,Safe,,,,HIGH,False,False
2023-10-01,ST-09-1,8.93593220338983,31.63092,75.30595,BLK-09,8.0,Safe,,,,HIGH,False,False
2023-11-01,ST-09-1,10.182260869565217,31.63092,75.30595,BLK-09,8.0,Safe,,,,HIGH,False,False
2023-12-01,ST-09-1,11.858990825688075,31.63092,75.30595,BLK-09,8.0,Safe,,,,HIGH,False,False
2024-01-01,ST-09-1,13.54952380952381,31.63092,75.30595,BLK-09,8.0,Safe,-0.53,-6.63,Safe,HIGH,False,False
2024-02-01,ST-09-1,14.806699029126213,31.63092,75.30595,BLK-09,8.0,Safe,-0.448,-5.6,Safe,HIGH,False,False
2024-03-01,ST-09-1,15.272250000000001,31.63092,75.30595,BLK-09,8.0,Safe,-0.426,-5.33,Safe,HIGH,False,False
2024-04-01,ST-09-1,14.666302521008403,31.63092,75.30595,BLK-09,8.0,Safe,-0.542,-6.77,Safe,HIGH,False,False
2024-05-01,ST-09-1,13.455535714285714,31.63092,75.30595,BLK-09,8.0,Safe,-0.458,-5.73,Safe,HIGH,False,False
2024-06-01,ST-09-1,11.64557522123894,31.63092,75.30595,BLK-09,8.0,Safe,-0.523,-6.54,Safe,HIGH,False,False
2024-07-01,ST-09-1,9.849464285714287,31.63092,75.30595,BLK-09,8.0,Safe,-0.531,-6.64,Safe,HIGH,False,False
2024-08-01,ST-09-1,8.554864864864864,31.63092,75.30595,BLK-09,8.0,Safe,-0.461,-5.76,Safe,HIGH,False,False
2024-09-01,ST-09-1,8.033274336283185,31.63092,75.30595,BLK-09,8.0,Safe,-0.5,-6.24,Safe,HIGH,False,False
2024-10-01,ST-09-1,8.45924369747899,31.63092,75.30595,BLK-09,8.0,Safe,-0.477,-5.96,Safe,HIGH,False,False
2024-11-01,ST-09-1,9.669038461538461,31.63092,75.30595,BLK-09,8.0,Safe,-0.513,-6.42,Safe,HIGH,False,False
2024-12-01,ST-09-1,11.388214285714286,31.63092,75.30595,BLK-09,8.0,Safe,-0.471,-5.88,Safe,HIGH,False,False
2025-01-01,ST-09-1,13.093303571428573,31.63092,75.30595,BLK-09,8.0,Safe,-0.456,-5.7,Safe,HIGH,False,False
2025-02-01,ST-09-1,14.309134615384616,31.63092,75.30595,BLK-09,8.0,Safe,-0.498,-6.22,Safe,HIGH,False,False
2025-03-01,ST-09-1,14.74532786885246,31.63092,75.30595,BLK-09,8.0,Safe,-0.527,-6.59,Safe,HIGH,False,False
2025-04-01,ST-09-1,14.25141592920354,31.63092,75.30595,BLK-09,8.0,Safe,-0.415,-5.19,Safe,HIGH,False,False
2025-05-01,ST-09-1,12.901261261261261,31.63092,75.30595,BLK-09,8.0,Safe,-0.554,-6.93,Safe,HIGH,False,False
2025-06-01,ST-09-1,11.169230769230769,31.63092,75.30595,BLK-09,8.0,Safe,-0.476,-5.95,Safe,HIGH,False,False
2025-07-01,ST-09-1,9.374326923076923,31.63092,75.30595,BLK-09,8.0,Safe,-0.475,-5.94,Safe,HIGH,False,False
2025-08-01,ST-09-1,8.064732142857142,31.63092,75.30595,BLK-09,8.0,Safe,-0.49,-6.13,Safe,HIGH,False,False
2025-09-01,ST-09-1,7.565315315315315,31.63092,75.30595,BLK-09,8.0,Safe,-0.468,-5.85,Safe,HIGH,False,False
2025-10-01,ST-09-1,7.943250000000001,31.63092,75.30595,BLK-09,8.0,Safe,-0.516,-6.45,Safe,HIGH,False,False
2025-11-01,ST-09-1,9.265575221238938,31.63092,75.30595,BLK-09,8.0,Safe,-0.403,-5.04,Safe,HIGH,False,False
2025-12-01,ST-09-1,10.879243697478993,31.63092,75.30595,BLK-09,8.0,Safe,-0.509,-6.36,Safe,HIGH,False,False
2026-01-01,ST-09-1,12.590272727272728,31.63092,75.30595,BLK-09,8.0,Safe,-0.503,-6.29,Safe,HIGH,False,False
2026-02-01,ST-09-1,13.806296296296296,31.63092,75.30595,BLK-09,8.0,Safe,-0.503,-6.29,Safe,HIGH,False,False
2026-03-01,ST-09-1,14.293852459016392,31.63092,75.30595,BLK-09,8.0,Safe,-0.451,-5.64,Safe,HIGH,False,False
2026-04-01,ST-09-1,13.768434782608695,31.63092,75.30595,BLK-09,8.0,Safe,-0.483,-6.04,Safe,HIGH,False,False
2026-05-01,ST-09-1,12.446837606837606,31.63092,75.30595,BLK-09,8.0,Safe,-0.454,-5.68,Safe,HIGH,False,False
2026-06-01,ST-09-1,10.660093457943926,31.63092,75.30595,BLK-09,8.0,Safe,-0.509,-6.36,Safe,HIGH,False,False
2023-01-01,ST-09-2,12.84793388429752,31.48612,75.49297,BLK-09,8.0,Safe,,,,HIGH,False,False
2023-02-01,ST-09-2,14.149285714285716,31.48612,75.49297,BLK-09,8.0,Safe,,,,HIGH,False,False
2023-03-01,ST-09-2,14.677235772357724,31.48612,75.49297,BLK-09,8.0,Safe,,,,HIGH,False,False
2023-04-01,ST-09-2,14.273189655172414,31.48612,75.49297,BLK-09,8.0,Safe,,,,HIGH,False,False
2023-05-01,ST-09-2,13.014672897196261,31.48612,75.49297,BLK-09,8.0,Safe,,,,HIGH,False,False
2023-06-01,ST-09-2,11.379823008849558,31.48612,75.49297,BLK-09,8.0,Safe,,,,HIGH,False,False
2023-07-01,ST-09-2,9.715142857142858,31.48612,75.49297,BLK-09,8.0,Safe,,,,HIGH,False,False
2023-08-01,ST-09-2,8.466756756756757,31.48612,75.49297,BLK-09,8.0,Safe,,,,HIGH,False,False
2023-09-01,ST-09-2,8.037692307692307,31.48612,75.49297,BLK-09,8.0,Safe,,,,HIGH,False,False
2023-10-01,ST-09-2,8.584462809917355,31.48612,75.49297,BLK-09,8.0,Safe,,,,HIGH,False,False
2023-11-01,ST-09-2,9.895999999999999,31.48612,75.49297,BLK-09,8.0,Safe,,,,HIGH,False,False
2023-12-01,ST-09-2,11.64873949579832,31.48612,75.49297,BLK-09,8.0,Safe,,,,HIGH,False,False
2024-01-01,ST-09-2,13.419,31.48612,75.49297,BLK-09,8.0,Safe,0.571,7.14,Safe,HIGH,False,False
2024-02-01,ST-09-2,14.760761904761905,31.48612,75.49297,BLK-09,8.0,Safe,0.611,7.64,Safe,HIGH,False,False
2024-03-01,ST-09-2,15.225384615384616,31.48612,75.49297,BLK-09,8.0,Safe,0.548,6.85,Safe,HIGH,False,False
2024-04-01,ST-09-2,14.862105263157895,31.48612,75.49297,BLK-09,8.0,Safe,0.589,7.36,Safe,HIGH,False,False
2024-05-01,ST-09-2,13.66135593220339,31.48612,75.49297,BLK-09,8.0,Safe,0.647,8.08,Safe,HIGH,False,False
2024-06-01,ST-09-2,11.970695652173914,31.48612,75.49297,BLK-09,8.0,Safe,0.591,7.39,Safe,HIGH,False,False
2024-07-01,ST-09-2,10.274910714285713,31.48612,75.49297,BLK-09,8.0,Safe,0.56,7.0,Safe,HIGH,False,False
2024-08-01,ST-09-2,9.049818181818182,31.48612,75.49297,BLK-09,8.0,Safe,0.583,7.29,Safe,HIGH,False,False
2024-09-01,ST-09-2,8.656936936936937,31.48612,75.49297,BLK-09,8.0,Safe,0.619,7.74,Safe,HIGH,False,False
2024-10-01,ST-09-2,9.17546218487395,31.48612,75.49297,BLK-09,8.0,Safe,0.591,7.39,Safe,HIGH,False,False
2024-11-01,ST-09-2,10.47551401869159,31.48612,75.49297,BLK-09,8.0,Safe,0.58,7.24,Safe,HIGH,False,False
2024-12-01,ST-09-2,12.25326923076923,31.48612,75.49297,BLK-09,8.0,Safe,0.605,7.56,Safe,HIGH,False,False
2025-01-01,ST-09-2,14.020181818181818,31.48612,75.49297,BLK-09,8.0,Safe,0.601,7.51,Safe,HIGH,False,False
2025-02-01,ST-09-2,15.381454545454545,31.48612,75.49297,BLK-09,8.0,Safe,0.621,7.76,Safe,HIGH,False,False
2025-03-01,ST-09-2,15.82495575221239,31.48612,75.49297,BLK-09,8.0,Safe,0.6,7.49,Safe,HIGH,False,False
2025-04-01,ST-09-2,15.415818181818182,31.48612,75.49297,BLK-09,8.0,Safe,0.554,6.92,Safe,HIGH,False,False
2025-05-01,ST-09-2,14.204587155963303,31.48612,75.49297,BLK-09,8.0,Safe,0.543,6.79,Safe,HIGH,False,False
2025-06-01,ST-09-2,12.561926605504587,31.48612,75.49297,BLK-09,8.0,Safe,0.591,7.39,Safe,HIGH,False,False
2025-07-01,ST-09-2,10.859056603773585,31.48612,75.49297,BLK-09,8.0,Safe,0.584,7.3,Safe,HIGH,False,False
2025-08-01,ST-09-2,9.63016806722689,31.48612,75.49297,BLK-09,8.0,Safe,0.58,7.25,Safe,HIGH,False,False
2025-09-01,ST-09-2,9.23201754385965,31.48612,75.49297,BLK-09,8.0,Safe,0.575,7.19,Safe,HIGH,False,False
2025-10-01,ST-09-2,9.741176470588236,31.48612,75.49297,BLK-09,8.0,Safe,0.566,7.07,Safe,HIGH,False,False
2025-11-01,ST-09-2,11.027090909090909,31.48612,75.49297,BLK-09,8.0,Safe,0.552,6.89,Safe,HIGH,False,False
2025-12-01,ST-09-2,12.816697247706422,31.48612,75.49297,BLK-09,8.0,Safe,0.563,7.04,Safe,HIGH,False,False
2026-01-01,ST-09-2,14.61954128440367,31.48612,75.49297,BLK-09,8.0,Safe,0.599,7.49,Safe,HIGH,False,False
2026-02-01,ST-09-2,15.891636363636364,31.48612,75.49297,BLK-09,8.0,Safe,0.51,6.38,Safe,HIGH,False,False
2026-03-01,ST-09-2,16.43732142857143,31.48612,75.49297,BLK-09,8.0,Safe,0.612,7.65,Safe,HIGH,False,False
2026-04-01,ST-09-2,16.0,31.48612,75.49297,BLK-09,8.0,Safe,0.584,7.3,Safe,HIGH,False,False
2026-05-01,ST-09-2,14.799830508474578,31.48612,75.49297,BLK-09,8.0,Safe,0.595,7.44,Safe,HIGH,False,False
2026-06-01,ST-09-2,13.161610169491524,31.48612,75.49297,BLK-09,8.0,Safe,0.6,7.5,Safe,HIGH,False,False
2023-01-01,ST-09-3,6.67109243697479,31.43551,75.56753,BLK-09,8.0,Safe,,,,HIGH,False,False
2023-02-01,ST-09-3,7.579727272727273,31.43551,75.56753,BLK-09,8.0,Safe,,,,HIGH,False,False
2023-03-01,ST-09-3,7.892782608695652,31.43551,75.56753,BLK-09,8.0,Safe,,,,HIGH,False,False
2023-04-01,ST-09-3,7.502454545454546,31.43551,75.56753,BLK-09,8.0,Safe,,,,HIGH,False,False
2023-05-01,ST-09-3,6.504529914529915,31.43551,75.56753,BLK-09,8.0,Safe,,,,HIGH,False,False
2023-06-01,ST-09-3,5.10962962962963,31.43551,75.56753,BLK-09,8.0,Safe,,,,HIGH,False,False
2023-07-01,ST-09-3,3.75152380952381,31.43551,75.56753,BLK-09,8.0,Safe,,,,HIGH,False,False
2023-08-01,ST-09-3,2.718918918918919,31.43551,75.56753,BLK-09,8.0,Safe,,,,HIGH,False,False
2023-09-01,ST-09-3,2.352072072072072,31.43551,75.56753,BLK-09,8.0,Safe,,,,HIGH,False,False
2023-10-01,ST-09-3,2.632695652173913,31.43551,75.56753,BLK-09,8.0,Safe,,,,HIGH,False,False
2023-11-01,ST-09-3,3.5523423423423424,31.43551,75.56753,BLK-09,8.0,Safe,,,,HIGH,False,False
2023-12-01,ST-09-3,4.859375,31.43551,75.56753,BLK-09,8.0,Safe,,,,HIGH,False,False
2024-01-01,ST-09-3,6.171261261261261,31.43551,75.56753,BLK-09,8.0,Safe,-0.5,-6.25,Safe,HIGH,False,False
2024-02-01,ST-09-3,7.09607476635514,31.43551,75.56753,BLK-09,8.0,Safe,-0.484,-6.05,Safe,HIGH,False,False
2024-03-01,ST-09-3,7.386379310344828,31.43551,75.56753,BLK-09,8.0,Safe,-0.506,-6.33,Safe,HIGH,False,False
2024-04-01,ST-09-3,7.00801724137931,31.43551,75.56753,BLK-09,8.0,Safe,-0.494,-6.18,Safe,HIGH,False,False
2024-05-01,ST-09-3,5.9956249999999995,31.43551,75.56753,BLK-09,8.0,Safe,-0.509,-6.36,Safe,HIGH,False,False
2024-06-01,ST-09-3,4.593703703703704,31.43551,75.56753,BLK-09,8.0,Safe,-0.516,-6.45,Safe,HIGH,False,False
2024-07-01,ST-09-3,3.241603773584906,31.43551,75.56753,BLK-09,8.0,Safe,-0.51,-6.37,Safe,HIGH,False,False
2024-08-01,ST-09-3,2.2495614035087717,31.43551,75.56753,BLK-09,8.0,Safe,-0.469,-5.87,Safe,HIGH,False,False
2024-09-01,ST-09-3,1.8366964285714287,31.43551,75.56753,BLK-09,8.0,Safe,-0.515,-6.44,Safe,HIGH,False,False
2024-10-01,ST-09-3,2.1458823529411766,31.43551,75.56753,BLK-09,8.0,Safe,-0.487,-6.09,Safe,HIGH,False,False
2024-11-01,ST-09-3,3.0571028037383177,31.43551,75.56753,BLK-09,8.0,Safe,-0.495,-6.19,Safe,HIGH,False,False
2024-12-01,ST-09-3,4.360092592592593,31.43551,75.56753,BLK-09,8.0,Safe,-0.499,-6.24,Safe,HIGH,False,False
2025-01-01,ST-09-3,5.657457627118644,31.43551,75.56753,BLK-09,8.0,Safe,-0.514,-6.42,Safe,HIGH,False,False
2025-02-01,ST-09-3,6.621153846153846,31.43551,75.56753,BLK-09,8.0,Safe,-0.475,-5.94,Safe,HIGH,False,False
2025-03-01,ST-09-3,6.941391304347826,31.43551,75.56753,BLK-09,8.0,Safe,-0.445,-5.56,Safe,HIGH,False,False
2025-04-01,ST-09-3,6.538275862068966,31.43551,75.56753,BLK-09,8.0,Safe,-0.47,-5.87,Safe,HIGH,False,False
2025-05-01,ST-09-3,5.502612612612612,31.43551,75.56753,BLK-09,8.0,Safe,-0.493,-6.16,Safe,HIGH,False,False
2025-06-01,ST-09-3,4.122347826086957,31.43551,75.56753,BLK-09,8.0,Safe,-0.471,-5.89,Safe,HIGH,False,False
2025-07-01,ST-09-3,2.756283185840708,31.43551,75.56753,BLK-09,8.0,Safe,-0.485,-6.07,Safe,HIGH,False,False
2025-08-01,ST-09-3,1.7352727272727273,31.43551,75.56753,BLK-09,8.0,Safe,-0.514,-6.43,Safe,HIGH,False,False
2025-09-01,ST-09-3,1.3530357142857141,31.43551,75.56753,BLK-09,8.0,Safe,-0.484,-6.05,Safe,HIGH,False,False
2025-10-01,ST-09-3,1.6269918699186992,31.43551,75.56753,BLK-09,8.0,Safe,-0.519,-6.49,Safe,HIGH,False,False
2025-11-01,ST-09-3,2.575045045045045,31.43551,75.56753,BLK-09,8.0,Safe,-0.482,-6.03,Safe,HIGH,False,False
2025-12-01,ST-09-3,3.863272727272727,31.43551,75.56753,BLK-09,8.0,Safe,-0.497,-6.21,Safe,HIGH,False,False
2026-01-01,ST-09-3,5.146194690265487,31.43551,75.56753,BLK-09,8.0,Safe,-0.511,-6.39,Safe,HIGH,False,False
2026-02-01,ST-09-3,6.1118811881188115,31.43551,75.56753,BLK-09,8.0,Safe,-0.509,-6.37,Safe,HIGH,False,False
2026-03-01,ST-09-3,6.420254237288136,31.43551,75.56753,BLK-09,8.0,Safe,-0.521,-6.51,Safe,HIGH,False,False
2026-04-01,ST-09-3,5.998407079646018,31.43551,75.56753,BLK-09,8.0,Safe,-0.54,-6.75,Safe,HIGH,False,False
2026-05-01,ST-09-3,4.990173913043479,31.43551,75.56753,BLK-09,8.0,Safe,-0.512,-6.41,Safe,HIGH,False,False
2026-06-01,ST-09-3,3.675294117647059,31.43551,75.56753,BLK-09,8.0,Safe,-0.447,-5.59,Safe,HIGH,False,False
2023-01-01,ST-10-1,38.622166666666665,30.84065,76.22432,BLK-10,4.9,Over-Exploited,,,,HIGH,False,False
2023-02-01,ST-10-1,39.87576923076923,30.84065,76.22432,BLK-10,4.9,Over-Exploited,,,,HIGH,False,False
2023-03-01,ST-10-1,40.6497520661157,30.84065,76.22432,BLK-10,4.9,Over-Exploited,,,,HIGH,False,False
2023-04-01,ST-10-1,41.0025,30.84065,76.22432,BLK-10,4.9,Over-Exploited,,,,HIGH,False,False
2023-05-01,ST-10-1,41.07593220338983,30.84065,76.22432,BLK-10,4.9,Over-Exploited,,,,HIGH,False,False
2023-06-01,ST-10-1,40.855603448275865,30.84065,76.22432,BLK-10,4.9,Over-Exploited,,,,HIGH,False,False
2023-07-01,ST-10-1,40.60819672131147,30.84065,76.22432,BLK-10,4.9,Over-Exploited,,,,HIGH,False,False
2023-08-01,ST-10-1,40.63415254237288,30.84065,76.22432,BLK-10,4.9,Over-Exploited,,,,HIGH,False,False
2023-09-01,ST-10-1,40.97318584070797,30.84065,76.22432,BLK-10,4.9,Over-Exploited,,,,HIGH,False,False
2023-10-01,ST-10-1,41.783644067796615,30.84065,76.22432,BLK-10,4.9,Over-Exploited,,,,HIGH,False,False
2023-11-01,ST-10-1,43.04575221238938,30.84065,76.22432,BLK-10,4.9,Over-Exploited,,,,HIGH,False,False
2023-12-01,ST-10-1,44.46404958677686,30.84065,76.22432,BLK-10,4.9,Over-Exploited,,,,HIGH,False,False
2024-01-01,ST-10-1,45.98315789473684,30.84065,76.22432,BLK-10,4.9,Over-Exploited,7.361,150.22,Over-Exploited,HIGH,False,True
2024-02-01,ST-10-1,47.197232142857146,30.84065,76.22432,BLK-10,4.9,Over-Exploited,7.321,149.42,Over-Exploited,HIGH,False,True
2024-03-01,ST-10-1,48.0157264957265,30.84065,76.22432,BLK-10,4.9,Over-Exploited,7.366,150.33,Over-Exploited,HIGH,False,True
2024-04-01,ST-10-1,48.36439655172414,30.84065,76.22432,BLK-10,4.9,Over-Exploited,7.362,150.24,Over-Exploited,HIGH,False,True
2024-05-01,ST-10-1,48.34051282051282,30.84065,76.22432,BLK-10,4.9,Over-Exploited,7.265,148.26,Over-Exploited,HIGH,False,True
2024-06-01,ST-10-1,48.14086956521739,30.84065,76.22432,BLK-10,4.9,Over-Exploited,7.285,148.68,Over-Exploited,HIGH,False,True
2024-07-01,ST-10-1,47.93626086956522,30.84065,76.22432,BLK-10,4.9,Over-Exploited,7.328,149.55,Over-Exploited,HIGH,False,True
2024-08-01,ST-10-1,47.88754545454545,30.84065,76.22432,BLK-10,4.9,Over-Exploited,7.253,148.03,Over-Exploited,HIGH,False,True
2024-09-01,ST-10-1,48.30531531531532,30.84065,76.22432,BLK-10,4.9,Over-Exploited,7.332,149.64,Over-Exploited,HIGH,False,True
2024-10-01,ST-10-1,49.13159663865546,30.84065,76.22432,BLK-10,4.9,Over-Exploited,7.348,149.96,Over-Exploited,HIGH,False,True
2024-11-01,ST-10-1,50.36322033898305,30.84065,76.22432,BLK-10,4.9,Over-Exploited,7.317,149.34,Over-Exploited,HIGH,False,True
2024-12-01,ST-10-1,51.811949152542375,30.84065,76.22432,BLK-10,4.9,Over-Exploited,7.348,149.96,Over-Exploited,HIGH,False,True
2025-01-01,ST-10-1,53.24638888888889,30.84065,76.22432,BLK-10,4.9,Over-Exploited,7.263,148.23,Over-Exploited,HIGH,False,True
2025-02-01,ST-10-1,54.46356435643564,30.84065,76.22432,BLK-10,4.9,Over-Exploited,7.266,148.29,Over-Exploited,HIGH,False,True
2025-03-01,ST-10-1,55.27615384615384,30.84065,76.22432,BLK-10,4.9,Over-Exploited,7.26,148.17,Over-Exploited,HIGH,False,True
2025-04-01,ST-10-1,55.699385964912274,30.84065,76.22432,BLK-10,4.9,Over-Exploited,7.335,149.69,Over-Exploited,HIGH,False,True
2025-05-01,ST-10-1,55.65534482758621,30.84065,76.22432,BLK-10,4.9,Over-Exploited,7.315,149.28,Over-Exploited,HIGH,False,True
2025-06-01,ST-10-1,55.45491228070175,30.84065,76.22432,BLK-10,4.9,Over-Exploited,7.314,149.27,Over-Exploited,HIGH,False,True
2025-07-01,ST-10-1,55.20333333333333,30.84065,76.22432,BLK-10,4.9,Over-Exploited,7.267,148.31,Over-Exploited,HIGH,False,True
2025-08-01,ST-10-1,55.21219298245614,30.84065,76.22432,BLK-10,4.9,Over-Exploited,7.325,149.48,Over-Exploited,HIGH,False,True
2025-09-01,ST-10-1,55.54692982456141,30.84065,76.22432,BLK-10,4.9,Over-Exploited,7.242,147.79,Over-Exploited,HIGH,False,True
2025-10-01,ST-10-1,56.422347826086956,30.84065,76.22432,BLK-10,4.9,Over-Exploited,7.291,148.79,Over-Exploited,HIGH,False,True
2025-11-01,ST-10-1,57.723076923076924,30.84065,76.22432,BLK-10,4.9,Over-Exploited,7.36,150.2,Over-Exploited,HIGH,False,True
2025-12-01,ST-10-1,59.11675213675213,30.84065,76.22432,BLK-10,4.9,Over-Exploited,7.305,149.08,Over-Exploited,HIGH,False,True
2026-01-01,ST-10-1,60.56098214285714,30.84065,76.22432,BLK-10,4.9,Over-Exploited,7.315,149.28,Over-Exploited,HIGH,False,True
2026-02-01,ST-10-1,61.804579439252336,30.84065,76.22432,BLK-10,4.9,Over-Exploited,7.341,149.82,Over-Exploited,HIGH,False,True
2026-03-01,ST-10-1,62.55163793103448,30.84065,76.22432,BLK-10,4.9,Over-Exploited,7.275,148.48,Over-Exploited,HIGH,False,True
2026-04-01,ST-10-1,62.97869565217391,30.84065,76.22432,BLK-10,4.9,Over-Exploited,7.279,148.56,Over-Exploited,HIGH,False,True
2026-05-01,ST-10-1,63.00008695652174,30.84065,76.22432,BLK-10,4.9,Over-Exploited,7.345,149.89,Over-Exploited,HIGH,False,True
2026-06-01,ST-10-1,62.74747826086956,30.84065,76.22432,BLK-10,4.9,Over-Exploited,7.293,148.83,Over-Exploited,HIGH,False,True
2023-01-01,ST-10-2,31.735431034482758,30.78042,76.31212,BLK-10,4.9,Over-Exploited,,,,HIGH,False,False
2023-02-01,ST-10-2,33.63275229357798,30.78042,76.31212,BLK-10,4.9,Over-Exploited,,,,HIGH,False,False
2023-03-01,ST-10-2,34.813833333333335,30.78042,76.31212,BLK-10,4.9,Over-Exploited,,,,HIGH,False,False
2023-04-01,ST-10-2,34.958608695652174,30.78042,76.31212,BLK-10,4.9,Over-Exploited,,,,HIGH,False,False
2023-05-01,ST-10-2,34.2817094017094,30.78042,76.31212,BLK-10,4.9,Over-Exploited,,,,HIGH,False,False
2023-06-01,ST-10-2,33.123636363636365,30.78042,76.31212,BLK-10,4.9,Over-Exploited,,,,HIGH,False,False
2023-07-01,ST-10-2,31.951964285714286,30.78042,76.31212,BLK-10,4.9,Over-Exploited,,,,HIGH,False,False
2023-08-01,ST-10-2,31.248151260504205,30.78042,76.31212,BLK-10,4.9,Over-Exploited,,,,HIGH,False,False
2023-09-01,ST-10-2,31.40280701754386,30.78042,76.31212,BLK-10,4.9,Over-Exploited,,,,HIGH,False,False
2023-10-01,ST-10-2,32.59794871794872,30.78042,76.31212,BLK-10,4.9,Over-Exploited,,,,HIGH,False,False
2023-11-01,ST-10-2,34.54747826086957,30.78042,76.31212,BLK-10,4.9,Over-Exploited,,,,HIGH,False,False
2023-12-01,ST-10-2,37.02559322033898,30.78042,76.31212,BLK-10,4.9,Over-Exploited,,,,HIGH,False,False
2024-01-01,ST-10-2,39.588655462184875,30.78042,76.31212,BLK-10,4.9,Over-Exploited,7.853,160.27,Over-Exploited,HIGH,False,True
2024-02-01,ST-10-2,41.51907407407408,30.78042,76.31212,BLK-10,4.9,Over-Exploited,7.886,160.95,Over-Exploited,HIGH,False,True
2024-03-01,ST-10-2,42.58905982905983,30.78042,76.31212,BLK-10,4.9,Over-Exploited,7.775,158.68,Over-Exploited,HIGH,False,True
2024-04-01,ST-10-2,42.722162162162164,30.78042,76.31212,BLK-10,4.9,Over-Exploited,7.764,158.44,Over-Exploited,HIGH,False,True
2024-05-01,ST-10-2,42.118151260504206,30.78042,76.31212,BLK-10,4.9,Over-Exploited,7.836,159.93,Over-Exploited,HIGH,False,True
2024-06-01,ST-10-2,40.95666666666666,30.78042,76.31212,BLK-10,4.9,Over-Exploited,7.833,159.86,Over-Exploited,HIGH,False,True
2024-07-01,ST-10-2,39.823965517241376,30.78042,76.31212,BLK-10,4.9,Over-Exploited,7.872,160.65,Over-Exploited,HIGH,False,True
2024-08-01,ST-10-2,39.083706896551725,30.78042,76.31212,BLK-10,4.9,Over-Exploited,7.836,159.91,Over-Exploited,HIGH,False,True
2024-09-01,ST-10-2,39.37229357798165,30.78042,76.31212,BLK-10,4.9,Over-Exploited,7.969,162.64,Over-Exploited,HIGH,False,True
2024-10-01,ST-10-2,40.45344827586207,30.78042,76.31212,BLK-10,4.9,Over-Exploited,7.855,160.32,Over-Exploited,HIGH,False,True
2024-11-01,ST-10-2,42.36239316239316,30.78042,76.31212,BLK-10,4.9,Over-Exploited,7.815,159.49,Over-Exploited,HIGH,False,True
2024-12-01,ST-10-2,44.902545454545454,30.78042,76.31212,BLK-10,4.9,Over-Exploited,7.877,160.75,Over-Exploited,HIGH,False,True
2025-01-01,ST-10-2,47.377678571428575,30.78042,76.31212,BLK-10,4.9,Over-Exploited,7.789,158.96,Over-Exploited,HIGH,False,True
2025-02-01,ST-10-2,49.3737962962963,30.78042,76.31212,BLK-10,4.9,Over-Exploited,7.855,160.3,Over-Exploited,HIGH,False,True
2025-03-01,ST-10-2,50.404310344827586,30.78042,76.31212,BLK-10,4.9,Over-Exploited,7.815,159.49,Over-Exploited,HIGH,False,True
2025-04-01,ST-10-2,50.67850877192983,30.78042,76.31212,BLK-10,4.9,Over-Exploited,7.956,162.37,Over-Exploited,HIGH,False,True
2025-05-01,ST-10-2,49.90275862068966,30.78042,76.31212,BLK-10,4.9,Over-Exploited,7.785,158.87,Over-Exploited,HIGH,False,True
2025-06-01,ST-10-2,48.76269565217391,30.78042,76.31212,BLK-10,4.9,Over-Exploited,7.806,159.31,Over-Exploited,HIGH,False,True
2025-07-01,ST-10-2,47.603478260869565,30.78042,76.31212,BLK-10,4.9,Over-Exploited,7.78,158.77,Over-Exploited,HIGH,False,True
2025-08-01,ST-10-2,46.92890756302521,30.78042,76.31212,BLK-10,4.9,Over-Exploited,7.845,160.11,Over-Exploited,HIGH,False,True
2025-09-01,ST-10-2,47.088,30.78042,76.31212,BLK-10,4.9,Over-Exploited,7.716,157.46,Over-Exploited,HIGH,False,True
2025-10-01,ST-10-2,48.22448275862069,30.78042,76.31212,BLK-10,4.9,Over-Exploited,7.771,158.59,Over-Exploited,HIGH,False,True
2025-11-01,ST-10-2,50.214,30.78042,76.31212,BLK-10,4.9,Over-Exploited,7.852,160.24,Over-Exploited,HIGH,False,True
2025-12-01,ST-10-2,52.73041666666666,30.78042,76.31212,BLK-10,4.9,Over-Exploited,7.828,159.75,Over-Exploited,HIGH,False,True
2026-01-01,ST-10-2,55.21803571428571,30.78042,76.31212,BLK-10,4.9,Over-Exploited,7.84,160.01,Over-Exploited,HIGH,False,True
2026-02-01,ST-10-2,57.12519230769231,30.78042,76.31212,BLK-10,4.9,Over-Exploited,7.751,158.19,Over-Exploited,HIGH,False,True
2026-03-01,ST-10-2,58.301025641025646,30.78042,76.31212,BLK-10,4.9,Over-Exploited,7.897,161.16,Over-Exploited,HIGH,False,True
2026-04-01,ST-10-2,58.42517543859649,30.78042,76.31212,BLK-10,4.9,Over-Exploited,7.747,158.1,Over-Exploited,HIGH,False,True
2026-05-01,ST-10-2,57.76647058823529,30.78042,76.31212,BLK-10,4.9,Over-Exploited,7.864,160.48,Over-Exploited,HIGH,False,True
2026-06-01,ST-10-2,56.590990990990996,30.78042,76.31212,BLK-10,4.9,Over-Exploited,7.828,159.76,Over-Exploited,HIGH,False,True
2023-01-01,ST-10-3,36.66683333333333,30.81917,76.24619,BLK-10,4.9,Over-Exploited,,,,HIGH,False,False
2023-02-01,ST-10-3,38.2218,30.81917,76.24619,BLK-10,4.9,Over-Exploited,,,,HIGH,False,False
2023-03-01,ST-10-3,38.98805084745763,30.81917,76.24619,BLK-10,4.9,Over-Exploited,,,,HIGH,False,False
2023-04-01,ST-10-3,38.96181034482758,30.81917,76.24619,BLK-10,4.9,Over-Exploited,,,,HIGH,False,False
2023-05-01,ST-10-3,38.21087719298246,30.81917,76.24619,BLK-10,4.9,Over-Exploited,,,,HIGH,False,False
2023-06-01,ST-10-3,37.01573913043479,30.81917,76.24619,BLK-10,4.9,Over-Exploited,,,,HIGH,False,False
2023-07-01,ST-10-3,35.86050420168067,30.81917,76.24619,BLK-10,4.9,Over-Exploited,,,,HIGH,False,False
2023-08-01,ST-10-3,35.073392857142856,30.81917,76.24619,BLK-10,4.9,Over-Exploited,,,,HIGH,False,False
2023-09-01,ST-10-3,35.05728070175439,30.81917,76.24619,BLK-10,4.9,Over-Exploited,,,,HIGH,False,False
2023-10-01,ST-10-3,35.89491666666667,30.81917,76.24619,BLK-10,4.9,Over-Exploited,,,,HIGH,False,False
2023-11-01,ST-10-3,37.42412280701755,30.81917,76.24619,BLK-10,4.9,Over-Exploited,,,,HIGH,False,False
2023-12-01,ST-10-3,39.39825,30.81917,76.24619,BLK-10,4.9,Over-Exploited,,,,HIGH,False,False
2024-01-01,ST-10-3,41.36094017094017,30.81917,76.24619,BLK-10,4.9,Over-Exploited,4.694,95.8,Critical,HIGH,True,True
2024-02-01,ST-10-3,42.98909090909091,30.81917,76.24619,BLK-10,4.9,Over-Exploited,4.767,97.29,Critical,HIGH,True,True
2024-03-01,ST-10-3,43.74725,30.81917,76.24619,BLK-10,4.9,Over-Exploited,4.759,97.13,Critical,HIGH,True,True
2024-04-01,ST-10-3,43.73405172413793,30.81917,76.24619,BLK-10,4.9,Over-Exploited,4.772,97.39,Critical,HIGH,True,True
2024-05-01,ST-10-3,42.92584745762712,30.81917,76.24619,BLK-10,4.9,Over-Exploited,4.715,96.22,Critical,HIGH,True,True
2024-06-01,ST-10-3,41.74601851851852,30.81917,76.24619,BLK-10,4.9,Over-Exploited,4.73,96.54,Critical,HIGH,True,True
2024-07-01,ST-10-3,40.576140350877196,30.81917,76.24619,BLK-10,4.9,Over-Exploited,4.716,96.24,Critical,HIGH,True,True
2024-08-01,ST-10-3,39.81413793103448,30.81917,76.24619,BLK-10,4.9,Over-Exploited,4.741,96.75,Critical,HIGH,True,True
2024-09-01,ST-10-3,39.797758620689656,30.81917,76.24619,BLK-10,4.9,Over-Exploited,4.74,96.74,Critical,HIGH,True,True
2024-10-01,ST-10-3,40.59754385964912,30.81917,76.24619,BLK-10,4.9,Over-Exploited,4.703,95.97,Critical,HIGH,True,True
2024-11-01,ST-10-3,42.20971962616822,30.81917,76.24619,BLK-10,4.9,Over-Exploited,4.786,97.67,Critical,HIGH,True,True
2024-12-01,ST-10-3,44.16268518518518,30.81917,76.24619,BLK-10,4.9,Over-Exploited,4.764,97.23,Critical,HIGH,True,True
2025-01-01,ST-10-3,46.1375,30.81917,76.24619,BLK-10,4.9,Over-Exploited,4.777,97.48,Critical,HIGH,True,True
2025-02-01,ST-10-3,47.64673076923077,30.81917,76.24619,BLK-10,4.9,Over-Exploited,4.658,95.05,Critical,HIGH,True,True
2025-03-01,ST-10-3,48.47857142857143,30.81917,76.24619,BLK-10,4.9,Over-Exploited,4.731,96.56,Critical,HIGH,True,True
2025-04-01,ST-10-3,48.41805084745763,30.81917,76.24619,BLK-10,4.9,Over-Exploited,4.684,95.59,Critical,HIGH,True,True
2025-05-01,ST-10-3,47.685663716814155,30.81917,76.24619,BLK-10,4.9,Over-Exploited,4.76,97.14,Critical,HIGH,True,True
2025-06-01,ST-10-3,46.511504424778764,30.81917,76.24619,BLK-10,4.9,Over-Exploited,4.765,97.25,Critical,HIGH,True,True
2025-07-01,ST-10-3,45.369026548672565,30.81917,76.24619,BLK-10,4.9,Over-Exploited,4.793,97.81,Critical,HIGH,True,True
2025-08-01,ST-10-3,44.52547008547008,30.81917,76.24619,BLK-10,4.9,Over-Exploited,4.711,96.15,Critical,HIGH,True,True
2025-09-01,ST-10-3,44.57780701754386,30.81917,76.24619,BLK-10,4.9,Over-Exploited,4.78,97.55,Critical,HIGH,True,True
2025-10-01,ST-10-3,45.402066115702475,30.81917,76.24619,BLK-10,4.9,Over-Exploited,4.805,98.05,Critical,HIGH,True,True
2025-11-01,ST-10-3,46.91625,30.81917,76.24619,BLK-10,4.9,Over-Exploited,4.707,96.05,Critical,HIGH,True,True
2025-12-01,ST-10-3,48.89391666666666,30.81917,76.24619,BLK-10,4.9,Over-Exploited,4.731,96.56,Critical,HIGH,True,True
2026-01-01,ST-10-3,50.879306930693076,30.81917,76.24619,BLK-10,4.9,Over-Exploited,4.742,96.77,Critical,HIGH,True,True
2026-02-01,ST-10-3,52.374862385321094,30.81917,76.24619,BLK-10,4.9,Over-Exploited,4.728,96.49,Critical,HIGH,True,True
2026-03-01,ST-10-3,53.23282051282051,30.81917,76.24619,BLK-10,4.9,Over-Exploited,4.754,97.03,Critical,HIGH,True,True
2026-04-01,ST-10-3,53.22681034482759,30.81917,76.24619,BLK-10,4.9,Over-Exploited,4.809,98.14,Critical,HIGH,True,True
2026-05-01,ST-10-3,52.403571428571425,30.81917,76.24619,BLK-10,4.9,Over-Exploited,4.718,96.28,Critical,HIGH,True,True
2026-06-01,ST-10-3,51.263125,30.81917,76.24619,BLK-10,4.9,Over-Exploited,4.752,96.97,Critical,HIGH,True,True
